-- phpMyAdmin SQL Dump
-- version 4.9.0.1
-- https://www.phpmyadmin.net/
--
-- Host: localhost:8889
-- Generation Time: Nov 06, 2019 at 05:43 PM
-- Server version: 5.7.26
-- PHP Version: 7.3.7

SET SQL_MODE = "NO_AUTO_VALUE_ON_ZERO";
SET time_zone = "+00:00";


/*!40101 SET @OLD_CHARACTER_SET_CLIENT=@@CHARACTER_SET_CLIENT */;
/*!40101 SET @OLD_CHARACTER_SET_RESULTS=@@CHARACTER_SET_RESULTS */;
/*!40101 SET @OLD_COLLATION_CONNECTION=@@COLLATION_CONNECTION */;
/*!40101 SET NAMES utf8mb4 */;

--
-- Database: `funenbulles_2019`
--
DROP DATABASE IF EXISTS `funenbulles_2019`;
CREATE DATABASE IF NOT EXISTS `funenbulles_2019` DEFAULT CHARACTER SET latin1 COLLATE latin1_swedish_ci;
USE `funenbulles_2019`;

-- --------------------------------------------------------

--
-- Table structure for table `auteur`
--

DROP TABLE IF EXISTS `auteur`;
CREATE TABLE `auteur` (
  `AuteurId` int(11) NOT NULL,
  `AuteurNom` varchar(40) COLLATE utf8_bin NOT NULL,
  `AuteurPrenom` varchar(20) COLLATE utf8_bin NOT NULL,
  `AuteurPseudo` varchar(50) COLLATE utf8_bin DEFAULT NULL,
  `AuteurDateNaiss` date DEFAULT '1001-01-01',
  `AuteurDeces` date DEFAULT NULL,
  `AuteurPays` varchar(30) COLLATE utf8_bin NOT NULL,
  `AuteurBiographie` varchar(2000) COLLATE utf8_bin DEFAULT NULL
) ENGINE=InnoDB DEFAULT CHARSET=utf8 COLLATE=utf8_bin;

--
-- Dumping data for table `auteur`
--

INSERT INTO `auteur` (`AuteurId`, `AuteurNom`, `AuteurPrenom`, `AuteurPseudo`, `AuteurDateNaiss`, `AuteurDeces`, `AuteurPays`, `AuteurBiographie`) VALUES
(1, 'Abe', 'Georges', '', '1937-01-01', NULL, 'japon', 'George Abe est né en 1937 au Japon.'),
(2, 'Belhomme', 'Jean-Loic', 'Bélom', '1950-03-06', NULL, 'france', 'Jean-Loïc Belhomme débute comme directeur artistique dans diverses agences de publicité. Dessinateur indépendant depuis 1980, ses principales collaborations (dessins d\'humour-bandes dessinées) sont : Le Pélerin, La Vie, Formule 1, Ouest-France, Triolo, Circus, Lui, Play-Boy, Penthouse, Frilouz, Fluide Glacial, Détective, Télérama Junior, Spirou, P\'tit Loup, le Journal de Mickey, France 3, Canal+. Co-scénariste pour de nombreuses séries Disney : Pôle Émile, les Bébés Disney, Robert le Robot, Télescoop, Chez Maxime (scénario et dessin), Génius, Les Petits boulots de Donald. Strips Bec-en-fer, dessins Jean-Louis Pesch (Agépress). Avec Gégé au dessin, il signe chez Bamboo Edition les aventures de bébés facétieux, Les Ripoupons en avril 200'),
(3, 'Bergèse', 'Francis', '', '1941-07-12', NULL, 'france', 'Né à Crest (France) en 1941, Francis Bergèse collabore de 1964 à 1973 aux Editions Fleurus pour lesquelles il imagine de très nombreux courts récits publiés dans des magazines tels que Formule 1, Fripounet, J2 Magazine. On retiendra des titres comme Rozanoff et Un taxi pour les îles. Parallèlement, Bergèse adapte divers romans pour des publications comme Ajax, Cap 7 ou Zorro. Ce dernier magazine voit d’ailleurs l’apparition des aventures de Jacques Renne, un aviateur qui rappelle furieusement Buck Danny ! Illustrateur acharné, Bergèse dessine de très nombreuses illustrations, petites histoires et autres jeux. Egalement spécialisé dans la réalisation de visuels à thème aéronautique (boîtes d’allumettes, boîtes des maquettes Heller), Bergèse va par ce biais rejoindre l’histoire de Buck Danny. Au début des années 1980, Jean-Michel Charlier et les Editions Dupuis sont à la recherche d’un dessinateur capable de réaliser dans le plus pur style hubinien les couvertures de la nouvelle collection Tout Buck Danny. Bergèse tente sa chance... Charlier est enchanté ! En plus d’un illustrateur pour les dites couvertures, le scénariste a trouvé le remplaçant de Victor Hubinon (décédé en 1979) pour mettre en scène les aventures de Buck Dan.'),
(4, 'Bergèse', 'Férédic', 'Bérik', '1967-11-07', NULL, 'france', 'Né le 7 Novembre 1967 à Romans-Sur-Isère (Drôme), Frédéric Bergèse prend le pseudonyme Bérik. Après l’obtention de son baccalauréat A3 Arts Plastiques à VALENCE (Drôme) et un an passé aux Beaux-Arts de MACON, il entre de plein pied dans sa carrière professionnelle : il illustre alors des contes pour enfants et fait un passage par le monde du dessin animé où il réalise des story-boards et gouache des décors pour des séries TV (Draculito, Les petits poneys…). En 1993, il s’installe dans la bande dessinée et devient coloriste sur les séries « Biggles » et « Buck Danny ». Rêvant d’être auteur et dessinateur, sa rencontre avec Jean-Louis Pesch marque pour lui un tournant. En 1999, il met en couleur l’album n°42 de Sylvain et sylvette Magie dans la forêt et travaille sur le dessin des personnages pour réaliser, en 2001, l’encrage et les couleurs de l’album n° 44 Silence, on tourne !. A présent, il assure seul la réalisation des histoires complètes de Sylvain et Sylvette et collabore aussi sur des albums «spécial gags » avec le scénariste Bélom. Depuis 2009, il a crée la série « Les Z’ailés » avec le prolifique scénariste Christophe Cazenove (Les pompiers, Les gendarmes, Auto-école, etc.). La passion de Bérik pour tout ce qui vole devait l’amener à cette série humoristique qui nous fait partager la vie d’un aéro-club. Cependant, son désir est aussi de continuer à vous faire partager et vivre de nouvelles aventures dans ce monde enchanteur et bucolique de Sylvain et Syl'),
(5, 'Bertschy', 'Christophe', '', '1970-10-07', NULL, 'suisse', 'Bertschy est né le 7 octobre 1970. Après une formation de graphiste à Lausanne il se lance dans la création de dessins par ordinateur. En 1998, il rejoint la bande à Zep dans le magazine \'\'tchô !\'\' et anime les aventures absurdes et rocambolesques de \'\'Jimmy Brocoli\'\', le légume le plus groovy du potager. Puis petit à petit, le nonchalant et burlesque SMAX investit les pages en faisant l\'unanimité. Le dessin électronique très original de Bertschy colle au plus près à l\'univers contemporain de ses héros. Très éloigné de l\'école franco-belge, SMAX s\'apparente plus au graphisme des Simpsons ou de South Park. Son premier album, SMAX Tome 1, sort en octobre 2000, suivi en octobre 2001 du SMAX Tome 2. Ces albums remportent un franc succès, notamment auprès de lecteurs séduits par son graphisme lisible et incisif. Smax raconte les aventures désopilantes d\'un adolescent confronté aux multiples problèmes qui émanent de cette période de la vie : le fiasco de ses expériences romantico-sexuelles et son manque d\'enthousiasme pour le choix d\'une carrière professionnelle.Depuis le 11 février 2001 (première parution) le public de Nelson ne cesse de croître : il parait depuis septembre 2002 en allemand dans le Bieler Tagblatt. Le démarrage international de la série est prévu pour janvier 2003, la maison d\'édition Dupuis ayant décidé sa publication dans le journal de Spirou et sur Spirou.com. '),
(6, 'Bianco', 'Guillaume', '', '1976-10-27', NULL, 'france', 'Guillaume Bianco est né le 27 octobre 1976 à Toulon. Il passe un bac arts plastiques, puis devient étudiant en première année de chinois en 1995, 1996, 1997 et 1998 (authentique).Un jour, on lui dit qu’étudiant en première année de chinois, ce n’est pas un métier, et depuis, il cherche à gagner des sous en faisant de la BD. Tout comme son compère Olivier DUTTO, il devient alors élève de TARQUIN à l’atelier que celui-ci anime alors le mercredi à Hyères, en 1994-1995. Il commence à publier ses premiers dessins dans un magazine régional, pour échouer à l’atelier GOTTFERDOM où il fait des caricatures de tout le monde sur les murs. En 1998 il publie son premier album de gags, \"Kegoyo & Klamédia\". En 2000, il retrouve ses compères Tarquin, Dutto et Floch pour \"La Véritable Histoire des Krashmonsters\", avant de se lancer, en cavalier seul, dans l’aventure de \"Will\", album de gags plus ou moins autobiographiques sur un jeune ado attardé et son chien. '),
(7, 'Blondieau ', 'Adeline', '', '1971-02-09', NULL, 'france', 'Actrice de formation, elle a été vue notemment dans la série télévisée \"Sous le soleil\", qu\'elle a co-écrite avec son collaborateur actuel de la série Angeline: Éric Summer. Adeline Blondieau commence sa carrière en tant que mannequin et aussi créatrice de mode, puis comédienne, présentatrice télé sur TF1 et M6. Elle a également officié en tant qu\'animatrice de radio pour Nostalgie et Europe 1.Actrice dans la série Sous le soleil, elle a écrit certains scénarios des épisodes de cette série. En 2007, Adeline décide de quitter la série pour s\'envoler vers d\'autres horizons, notamment l’écriture théâtrale (Dîner chez arny) ou scénaristique dans la bande dessinée chez Soleil avec Angeline et chez Bamboo Édition avec L\'Heure de la sortie.'),
(8, 'Christmann', 'Didier', 'Brett', '1952-01-23', NULL, 'france', 'Né le 23 janvier 1952, Brett - alias Didier Christmann - a commencé sa carrière dans le journalisme. Rédacteur en chef du Parisien, il décide pourtant de quitter la presse pour l’édition en rejoignant Dargaud au début des années 90 en tant que directeur éditorial. Il devient ainsi le maître d’œuvre du renouveau du catalogue durant cette décennie, la relance de Blake & Mortimer étant sans conteste le fait d’arme le plus spectaculaire. Par crainte de la routine tout autant que par envie de renouer avec l’écriture, il quitte ses fonctions en 1999 pour d’autres activités dont celle du scénario. Amoureux du verbe et du beau dialogue, il partage avec Michel Greg le sens de la rhétorique et une truculence que l’on retrouve chez Michel Audiard. C’est en hommage à ce dernier que Didier Christmann adoubera Greg du titre affectueux de \"Dabe\", personnage haut en couleur joué par Jean Gabin dans Le Cave se rebiffe. Il dirige maintenant le mensuel \"vivre plus\" mais poursuit ses collaborations éditoriales, puisqu’il collabore avec Pierre Dubois sur un grand projet à paraître chez DARGAUD et bien sûr le scénario du prochain Talon.'),
(9, 'Buchshacher', 'Eric', 'Buche', '1965-05-13', NULL, 'suisse', 'Éric Buche est né à Genève le 13 mai 1965. Il débute dans les fanzines locaux après être sorti de l\'école des Beaux Arts de sa ville natale. Embauché par les Humanoïdes Associés pour lesquels il publie les aventures de Hélene Cartier (2 tomes), il passe ensuite chez Dargaud avec Les Enquêtes de Vincent Muraz (2 tomes). Aujourd\'hui, Buche est le papa de Franky Snow (Glénat, 3 tomes) et participe avec Zep, Tébo, Supiot parmi d\'autres, à la rédaction du magazine Tchô ! édité par Glénat.'),
(10, 'Cauvin', 'Raoul', '', '1938-09-26', NULL, 'belgique', 'Raoul Cauvin est né le 26 septembre 1938 à Antoing, en Belgique. Au terme de 5 ans d\'études de lithographie publicitaire, il découvre que la profession qu\'il a apprise n\'existe plus depuis une vingtaine d\'années ! Suivent toute une série de petits métiers et notamment un emploi dans une usine de boules de billard, qui lui développe une véritable passion pour ce jeu sur tapis vert où l\'on ne mise guère plus qu\'une tournée générale, il entre un jour aux éditions Dupuis. Chargé dans un premier temps du lettrage du journal Spirou, il ne tarde pas à écrire ses premières histoires, illustrées par des dessinateurs comme Eddy Ryssack, Serge Gennaux, Claire Brétécher et Carlos Roque. Mais c\'est l\'année 1968 qui marque le véritable début d\'une carrière florissante : Cauvin lance la série \'Les Tuniques Bleues\', dont les héros, des soldats américains, évoluent dans le contexte de la guerre de Sécession. Le dessin est pris en charge par Louis Salvérius, qui meurt hélas après quatre albums à peine. Willy Lambil lui succède : la série reste à ce jour le plus gros succès de Cauvin. Avec Lambil toujours, il imagine parallèlement \'Pauvre Lampil\', une série parodique autour des relations désastreuses entre un dessinateur et son scénariste, protagonistes et auteurs ne faisant qu\'un.'),
(11, 'Cazenove', 'Christophe', '', '1969-07-16', NULL, 'france', 'Né le 16/07/1969 à Martiques en (France). Comme tous les gamins, je rêvais de devenir pompier, pâtissier-cascadeur ou plongeur-routier (en fonction des films que je voyais) ou bien encore auteur de BD, sans trop savoir si cela était vraiment un métier. C\'est en répondant à une de mes lettres de fan adorateur que Greg (ben oui, LE Greg) m\'a donné l\'envie de faire moi aussi des petits miquets. D\'ailleurs son courrier, constitué d\'un dessin personnalisé et d\'un poster trône toujours sur le mur de mon bureau. Après des dizaines de planches durant lesquelles je me prenais pour un dessinateur, (avec des séries hélas toujours inconnue comme Helmos l\'escargot, Bickey Bouse ou Jonhatan McTartell) il m\'est apparu comme une évidence que j\'aurai beaucoup plus de chance dans ma profession rêvée en tant que scénariste, et c\'est ainsi que j\'ai pu grâce à Bamboo gagner les rangs de dessinateur frustré... heu pardon, de scénariste de bande dessinée. Je crois que si j\'ai écrit Nostra, c\'est parce qu\'une voyante m\'avait prédit alors que j\'allais sur mes douze ans, que je serai le leader d\'un groupe de rap. J\'ai lutté très dur contre cette malédiction annoncée, et écrire une série sur la voyance m\'a permis d\'exorciser tous ces démons cachés, yo ! Ma BD de chevet ? ...Chick Bill !!'),
(12, 'Charlier', 'Jean-Michel', '', '1924-10-30', '1989-07-10', 'belgique', 'Né à Liège le 30 octobre 1924, mort à Saint-Cloud (Hauts-de-Seine) le 10 juillet 1989. Jean-Michel Charlier, juriste de formation, entre comme dessinateur à Spirou en 1944. Nommé directeur artistique de l’agence World Press en 1946, il y rencontre Victor Hubinon. Ensemble, ils lancent Buck Danny, qui paraît dans Spirou. Dès lors il est le scénariste attitré de Gérald Forton (Kim Devil), Mitacq (La Patrouille des Castors), Attanasio ou encore Paape, qui illustre ses Histoires de l’oncle Paul. Pour Pilote, dont il est rédacteur en chef dès le n° 1 (1959), il conçoit les séries Barbe-Rouge (avec Hubinon), Michel Tanguy (Uderzo puis Jijé), Jacques Le Gall (Mitacq) et plus tard Blueberry (Giraud, 1963). De 1967 à 1985, il mène de front ses collaborations à Pilote, Tintin, Spirou, Record, Super-As, etc., l’adaptation de Tanguy et Laverdure pour la télévision et la réalisation de nombreux documentaires sur l’histoire contemporaine. On doit à cet auteur prolifique près de cinq cents récits pour la BD, la radio, la télévision, ainsi que des romans et des livres historiques. Docteur en droit, licencié en lettres et en criminologie, Jean-Michel Charlier est également Chevalier de l\'Ordre de la Couronne de Belgique, pilote de ligne... et aujourd\'hui réalisateur à la télévision française. '),
(13, 'Corteggiani', 'François', 'Pujol', '1953-09-21', NULL, 'france', 'François Corteggiani est un important scénariste de la bande dessinée franco-belge, qui a collaboré avec des dessinateurs majeurs, dont notamment Pierre Tranchand, Philippe Bercovici, Jean-Yves Mitton ou même Giorgio Cavazzano. Depuis la mort de Jean-Michel Charlier en 1989, il a repris la suite des aventures de La jeunesse de Blueberry, qu’il nous fait encore partager aujourd’hui. François Corteggiani est né le 21 septembre 1953 à Nice. Après quelques collaborations locales, il monte à Paris en 1972. Suite à des travaux publicitaires et quelques dessins dans divers journaux, il débute vraiment dans une petite maison d\'édition lyonnaise la SEPP pour laquelle il livre un peu plus de 1000 planches en deux ans. Après un passage éclair chez Spirou , il entre au journal Pif Gadget où il anime le personnage de Pif, d\'abord en dessin ensuite en scénario, vers lequel le pousse depuis longtemps Christian Godard. Il crée aussi la série Pastis et avec Tranchand au dessin les séries Marine et Smith et Wesson.'),
(14, 'Culliford ', 'Thierry', '', '1955-12-29', NULL, 'belgique', 'Thierry Culliford n\'est autre que le fils de Peyo. Scénariste aguerri, il imagina les premiers gags de «Germain et nous...» avec Jannin, tout en collaborant de nombreuses années sur les séries imaginées par son père. Il travaille aux scénarios des \"Schtroumpfs\", de \"Benoît Brisefer\" et de \"Johan et Pirlouit\" (avec e.a. Dugomier, Pascal Garray, Frédéric Jannin et Yvan Delporte). C\'est désormais lui qui coordonne l\'exécution graphique et assure la continuité des productions Peyo au sein du studio.'),
(15, 'Dégruel', 'Yann', '', '1971-05-09', NULL, 'france', 'Yann Dégruel est né le 9 mai 1971 à Vénissieux, près de Lyon. Rien ne laissait alors présager que le dessin puisse un jour devenir pour lui un véritable art de vivre. Il se spécialise pourtant assez tôt et obtient avec succès un Bac d\'Arts graphiques. Il s\'inscrit ensuite aux Arts Décoratifs de Strasbourg pour une durée de cinq ans. Objecteur de conscience à la librairie Folimage, il travaille ensuite à Heliozo Production à Lyon. Encouragé par Heliozo, il imagine une série de dessin animé, Genz Gys Khan. Le projet reste d\'actualité, mais impatient, il rencontre un éditeur qui accepte de partager cette aventure. Genz Gys Khan, tiré d\'un roman de Homéric, Le Loup Mongol, devient une série de bande dessinée jeunesse.'),
(16, 'Deliège', 'Paul', '', '1931-01-24', '2005-07-07', 'belgique', 'Paul Deliège est né à Olne en Belgique le 24 janvier 1931. Il a débuté dans le quotidien belge Le soir en dessinant Félicien et les Romanis et le Père Bricole. Il entre au studio de dessin des éditions Dupuis en 1959. En 1960, il lance dans Spirou les aventures de Théophile et Philibert (avec Vicq). Il devient également à cette époque le principal auteur de mini-récit (liste des héros ci-dessous) aussi bien en tant que scénariste que dessinateur. Parmi ses héros, Bobo sortira des mini-récits pour vivre dans Spirou des grandes aventures et sera publié en album. En 1962, il réalise Le casque aux gants de planche avec Rosy. En 1968, il lance les Krostons avec Arthur Piroton sous le pseudonyme de Max Ariane. À partir de 1987, il illustre une série de strips dans Spirou : le trou du souffleur. Il a été également le scénariste de nombreuses autres séries : Sam et l\'ours (dessin de Lagas), Sybilline (dessin de Macherot). Le 7 juillet 2005, il décède à Liège.'),
(17, 'Delporte', 'Yvan', '', '1928-06-24', '2007-03-05', 'belgique', 'Yvan Delporte est né à Bruxelles le 24 juin 1928. En 1945, il entre aux éditions \"Dupuis\" où il est retoucheur sur diverses BD américaines jugées trop audacieuses pour l\'époque. En 1949, il scénarise pour Eddy Paape un épisode de \"Valhardi\". Mais ce que l\'on retient le plus dans la carrière de Yvan Delporte est l\'époque où il est rédacteur en chef du \"Journal Spirou\", de 1955 à 1968. Il est entre autre à l\'origine des \"mini-récits\" qui vont permettre à de nombreux jeunes talents de s\'affirmer (dont Glem). Il continua en outre à collaborer en tant que scénariste avec divers dessinateurs. Citons pour exemples Peyo pour \"Les Schtroumpfs\" et \"Benoît Brisefer\", Jean Roba pour \"La Ribambelle\", Will pour \"Isabelle\"... Après 1968, Delporte continue à composer des scénarios de Bandes Dessinées pour de nombreux auteurs travaillant pour le magazine \"Spirou\" mais aussi pour d\'autres journaux comme le \"Journal de Mickey\", \"Eppo\"... Il a écrit en outre les scénaris des adaptations des aventures des \"Schtroumpfs\" de Peyo en dessin animé, ainsi que des adaptations de \"Gaston Lagaffe\" et des \"Tifous\" de Franquin. En 1977, Delporte lance \"Le Trombone Illustré\", un supplément interne du magazine \"Spirou\" qui paraît dans 30 numéros avant de continuer sous un autre titre : \"Pendant ce temps, à Landerneau\", dans le mensuel \"A Suivre\". '),
(18, 'Dupanloup', 'Luc', 'Dupa', '1945-02-12', '2000-11-08', 'belgique', 'Né le 12 février 1945 à Montignies-sur-Sambre, dans la région de Charleroi (Belgique), Dupa fut un élève modèle jusqu\'en 1963. C\'est à cette époque qu\'il découvre la BD et qu\'à l\'incitation de Maurice Tillieux («Gil Jourdan»), il s\'inscrit à l\'Académie des Beaux-Arts de Bruxelles. A sa sortie, il rencontre Greg, alors rédac\'chef du Journal «Tintin», et devient son assistant. Il participe en tant que décoriste, à la réalisation de séries telles que «Fifi», «Fleurette», «Luc Junior», «Zig et Puce» et «Achille Talon». En 1968, parce qu\'il manquait une page de gags pour boucler un numéro de l\'hebdomadaire, Greg lui demande de créer un personnage. Dupa dessine alors une grosse boule de poils blancs avec des pattes et donne à cet «animal», un air débonnaire. Comment l\'appeler ? D\'un nom d\'os, puisque c\'est un chien ! Oui mais, lequel ? Tibia ? Radius ? Ce sera Cubitus, os de l\'avant-bras... C\'est ainsi que, pur produit de l\'imagination délirante de Dupa, le gros toutou Cubitus a fait son entrée dans le Journal «Tintin», le 16 avril 1968. D\'abord sans maître, il sera adopté un an plus tard, par un certain Sémaphore, vieux loup-de-mer à la retraite... En 1971, Dupa reprend les personnages créés par Raymond Macherot, \"Chlorophylle et Minimum\", et les anime pendant cinq ans sur des scénarios de Greg, puis de Bob de Groot. En 1980, Dupa imagine les aventures rocambolesques de \"Niky\", chauffeur de poids-lourd, et en fait un routier sympa, amoureux fou de son bahut (3 albums au Lombard). En 1988, l\'énorme popularité de \"Cubitus\" amène un studio japonais de dessins animés à adapter cette série et à en produire 104 épisodes. '),
(19, 'Corre', 'Gilles', 'Erroc', '1961-06-25', NULL, 'france', 'Gilles Corre est né en 1961. Ses études brillantes le mènent à l’ANPE… où il travaille quelques temps, jusqu’en 1989. Il fait alors ses premiers pas dans le monde de la BD professionnelle et travaille aux éditions Vaillant (les éditeurs de /Pif Gadget)/ pendant trois ans. Durant cette période, il dessine la série /Hercule/ avec Yannick. Il rejoint alors Disney Hachette Presse où il commet des articles, des illustrations, des jeux et des scénarios mettant en scène les personnages Disney dans/ le Journal de Mickey/. En parallèle, il collabore avec Achdé sur la série CRS = Détresse, aux éditions Dargaud. En 1999 débute l’aventure des \"Profs\", dont il assure le scénario, avec son compère Pica au dessin. D’abord dans \"le journal de Mickey\", la série connaît très vite le succès en albums chez Bamboo. En outre, il anime, seul cette fois (dessin et scénario), les aventures de \"Raoul et Fernand\". Dans un registre réaliste, il est également l’auteur du scénario du \"Dessinateur\".'),
(20, 'Fauche', 'Xavier', '', '1964-04-30', NULL, 'france', ''),
(21, 'Fournier', 'Jean-Claude', '', '1943-05-21', NULL, 'france', 'Né le 21 mai 1943, Jean-Claude Fournier est originaire de Saint-Quay Portrieux où il a vécu son enfance et où il a réinstallé son studio depuis 1987. Études secondaires au Lycée Henri Avril de Lamballe puis trois années d\'études supérieures à Paris en vue d\'obtenir le professorat de dessin. Simultanément, il suit les cours de l\'École d\'Art Dramatique Ch. Dullin. La bande dessinée lui apparaît comme la synthèse de ses deux passions, le dessin et le théâtre, et il crée le personnage de BIZU pour le journal de SPIROU (1967). Il se voit très vite confier par l\'éditeur DUPUIS le scénario et le dessin des aventures de \"Spirou et Fantasio\" qu\'il animera de 1968 à 1981 et dont il réalisera neuf albums (n° 20 à 29, sauf le 24), dont L\'Ankou qui se déroule entièrement dans les Monts d\'Arrée. Il est à noter que cette aventure de Spirou a été éditée en breton. Parallèlement, de la même façon que son maître Franquin l\'a reçu chez lui et lui a offert des heures et des heures de son temps pour l\'aider à devenir auteur, il reçoit dans son atelier de Rennes de nombreux jeunes passionnés de bande dessinée qui deviendront à leur tour des professionnels, et qui ont pour nom Blesteau, Hiettre, Gégé, Malo Louarn, Emmanuel Lepage, Lucien Rollin, Michel Plessix, lesquels passeront le flambeau à d\'autre jeunes, alimentant ainsi la belle histoire de la florissante BD bretonne dont on dit qu\'elle est née dans l\'atelier de Fournier. L\'album des aventures de Spirou, Le Gri-gri du Niokolo-Koba, remporte un vif succès singulièrement au Sénégal où Fournier est convié à trois reprises pour venir animer des stages de BD pour les enseignants, les étudiants et les formateurs en pédagogie. '),
(22, 'Franquin', 'André', '', '1924-01-03', '1997-01-05', 'belgique', 'Né le 3 janvier 1924 à Etterbeek (Bruxelles, Belgique), André Franquin, après une année de cours de dessin à St-Luc (Bruxelles), entre en 1944, alors âgé de 20 ans, en tant qu\'animateur au studio de dessins animés CBA. Durant ses courtes années d\'animateur, il rencontre Peyo, le créateur des Schtroumpf , Eddy Paape, celui de Luc Orient , et Morris, celui de Lucky Luke . C\'est ce dernier qui le présente à Jijé, père de Spirou .\n\nEn 1946, Jijé lui cède le personnage,emblème du journal Spirou après un bout d\'essai concluant parut dans l\'Almanach Spirou de 1947. Le Personnage fut créé en 1938 par le Français Robert Velter (plus connu sous \'\'Rob-Vel\'\') qui, une fois mobilisé, ne parvenait plus à faire parvenir à temps ses planches en Belgique. Franquin n\'a pas seulement repris le personnage de Spirou , il a aussi ajouté sa griffe et, de peur de ne pas faire rire, il insère des gags\'\'pour être sûr\'\' . Il affine aussi Fantasio, l\'ami farfelu de Spirou , le village de Champignac , et surtout le travail sur des personnages tels que le comte Pacôme Hégésippe Adélard Ladislas de Champignac, Zorglub et dans \'\'Spirou et les Héritiers\'\' (1952) apparaît le Marsupilami de Palombie, qui accompagnera Spirou et Fantasio dans toutes les aventures dessinées ensuite par Franquin.\n\n1955 voit une dispute entre Dupuis et Franquin à cause de droits d\'auteurs sur un album. Celui-ci entre alors aux Éditions Le Lombard et y signe un contrat de 5 ans. Il crée Modeste et Pompon pour le journal Tintin . Il se réconcilie avec Dupuis et retourne aux ateliers de Marcinelles. Cependant il continue à travailler pendant quatre ans chez Le Lombard. De nature paresseuse, il crée son double et en fait un héros bien à part dans la bande dessinée, Gaston Lagaffe , qui voit le jour le 28 février 1957. '),
(23, 'Garray ', 'Pascal', '', '1965-12-12', NULL, 'belgique', 'À 28 ans, Pascal Garray se voit confier le destin graphique de \"Benoît Brisefer\". S\'il a suivi des cours de BD à l\'Institut Saint-Luc de Liège et dessiné des voitures pour les décors d\'un \"Broussaille\" de son copain Frank, il n\'a encore jamais fait d\'album quand il rentre au Studio Peyo pour y dessiner des \"Schtroumpfs\". Pendant deux ans, il s\'applique auprès du maître à maîtriser les contours et les mouvements des petits bonhommes bleus. Jusqu\'au jour où Peyo lui demande de reprendre le dessin de \"Benoît Brisefer\". À présent, Pascal Garray conçoit aussi le scénario des nouveaux titres de cette série en collaboration avec Thierry Culliford.'),
(24, 'Gillain', 'Joseph', 'jijé', '1914-01-13', '1980-06-19', 'belgique', 'oseph Gillain fut formé à l\'École d’Art de l\'abbaye de Maredsous, à l\'École de La Cambre de Bruxelles et à l’école normale provinciale de Charleroi où il fut l\'élève en dessin de Léon Van den Houten. Il fut l\'initiateur de ce que le monde de la bande dessinée désigne comme l\'École de Marcinelle. Celle-ci est au « Journal de Spirou », fondé à Marcinelle par Jean Dupuis en 1938, ce que l\'École de Bruxelles est au « Journal de Tintin », lancé par les éditions du Lombard en 1946.'),
(25, 'Gilson ', 'François', '', '1965-11-16', NULL, 'allemagne', 'François Gilson est né le 16 novembre 1965 à Arolsen, en Allemagne, où son père, militaire, se trouvait caserné. Mais c\'est à Liège, où il vit encore aujourd\'hui, qu\'il fait, avec Clarke (né le même jour que lui), ses premières armes dans la BD en créant le fanzine CAFARD. Coup d\'essai, coup de maître : la direction de la très catholique école où ils étudient n\'apprécie guère leur causticité et profite du premier prétexte pour les exclure. À l\'Académie royale des Beaux-Arts de Liège, Gilson s\'aperçoit qu\'il n\'est guère doué pour le dessin, mais qu\'il éprouve en revanche un plaisir certain pour le scénario. Patrick Pinchart, alors rédacteur en chef de Spirou, l\'encourage dans cette voie, et Marc Hardy, dessinateur liégeois de \"Pierre Tombal\", ne lui ménage pas ses conseils. Malgré l\'appui de ces parrains, la période est difficile : Gilson travaille beaucoup, collabore au fanzine IMPAYABLE et s\'associe avec Clarke pour publier en 1987 son premier album \"Rebecca - Bon anniversaire, Papy\" chez le petit éditeur local Khani. Il accomplit ensuite son service militaire en effectuant chaque jour l\'aller retour entre la Belgique et l\'Allemagne dans un camion postal. À force de persévérance, il devient bientôt gagman patenté dans l\'ombre tutélaire du journal SPIROU.'),
(26, 'Godard', 'Christian', '', '1932-03-24', NULL, 'france', 'Né en 1932, ce Parisien élégant et sympathique manie le scénario et le dessin avec un égal bonheur. Christian Godard fait ses premières armes dans les années cinquante en multipliant récits complets et séries dans les magazines pour la jeunesse encore foisonnants à l\'époque : Filette, Hoppy, Jocko, Coq-Hardy, Francs-jeux, Fripounet et Marisette, Biribu, Kriss, Pierrot champion, Lisette, Pistolin, Ima, Heures claires, etc. Il entre à l\'hebdomadaire Vaillant en 1957 (\"Gil Bagout\", \"Pipsi\"), puis à Pilote en 1959, où il a la chance de dessiner \"Tromblon et Bottaclou\" sur des scénarios de René Goscinny, avant de créer \"Norbert et Kari\", dont il signe texte et dessin. En 1967, c\'est dans Tintin qu\'il donne naissance à \"Martin Milan\". De plus en plus démangé par l\'écriture, il scénarise nombre de gags de \"Modeste et Pompon\" pour Mittéï et de \"Sylvie\" pour Martial, rédige \"La Jungle en folie\" pour Mic Delinx et \"Le Vagabond des limbes\" pour Julio Ribera. La liste des dessinateurs auxquels il a apporté ses textes est longue et loin d\'être finie : Henri Dufranne, Derib, Pierre Le Guen, Florenci Clavé, Carlos Gimenez, Alexandre Coutelis, Eric Juszezak et, plus récemment, Widenlocher avec lequel il assume la reprise des inénarrables avatars d\'\"Achille Talon\", personnage cédé par Greg aux éditions Dargaud. Il a même tâté de l\'édition en dirigeant avec Ribera leur propre firme, \"Le Vaisseau d\'Argent\", de 1988 à 1991. '),
(27, 'Goossens', 'Roland', 'Gos', '1937-03-01', NULL, 'belgique', 'Né le 1er mars 1937 à Thy-le-Château, Gos a effectué une carrière militaire dans la marine belge, pendant onze ans. Parallèlement, il se rode le soir et durant ses temps de loisirs à la bande dessinée. Son apprentissage fut avant tout un acharnement personnel et une longue recherche en solitaire. Il réalisa sa première bande dessinée \"Quand on est dans les cols bleus\", une histoire humoristique d\'une dizaine de pages, en 1961 pour la revue militaire NOS FORCES. Gos fit ensuite la connaissance de Peyo qui lui permit de se faire la main en exécutant des travaux de lettrage. En 1965, il franchit le pas et quitta l\'armée pour entrer au Studio Peyo où il assista le Maître dans plusieurs épisodes des \"Schtroumpfs\" et de \"Benoît Brisefer\". Parallèlement, il réalisa quelques courts récits complets pour SPIROU et écrivit des scénarios pour Walthéry : plusieurs épisodes de \"Jacky et Célestin\" et les deux premières aventures de \"Natacha, hôtesse de l\'air\". Il collabora même avec Peyo à la conclusion du dernier \"Spirou et Fantasio\" de Franquin, \"Panade à Champignac\". Tillieux le requiert en 1969 pour assurer la reprise graphique de son propre \"Gil Jourdan\". Il en dessina quatre albums jusqu\'à la mort du créateur, en 1979, et assura même la fin de l\'ultime aventure inachevée du détective. '),
(28, 'Goscinny', 'René', '', '1926-08-14', '1977-11-05', 'france', 'Né le 14 août 1926 à Paris, René Goscinny passe son enfance en Argentine, entre Buenos Aires et la Pampa. Après des débuts prometteurs de sous-aide-comptable d\'un aide-comptable dans une usine de récupération de vieux pneus, il entre comme apprenti dessinateur dans une agence de pub. A 19 ans, il part conquérir l\'Amérique et, plus précisément, les studios Walt Disney. Très vite promu chômeur, il ne rencontre jamais Walt Disney mais tombe par hasard sur la bande du futur \'\'Mad - Harvey Kurtzman, Jack Davis, Will Elder - et se sent beaucoup moins seul : l\'humour anglo-saxon coïncide parfaitement avec sa propre manière d\'envisager les choses.\n\nIl rencontre Morris à New York, Charlier à Bruxelles et Uderzo à Paris, à la World Press, petite agence belge dont il dirige le bureau parisien créé en 51. Les auteurs de l\'époque étant payés avec un lance-pierres, le stakhanovisme s\'impose : Goscinny, qui a compris que son talent s\'épanouissait plus efficacement dans le scénario que dans le dessin, met en chantier une foule de bandes dessinées (parmi lesquelles Oumpah-pah, Spaghetti et Luc Junior). Il tape des kilomètres d\'articles et de nouvelles (pour \'\'Pariscope\'\' et \'\'L\'Os à moëlle\'\', entre autres) et signe la rubrique savoir-vivre de \'\'Bonnes Soirées\'\' sous le pseudonyme de Liliane d\'Orsay... '),
(30, 'Regnier', 'Michel', 'Greg', '1931-05-05', '1999-10-29', 'belgique', 'Greg, de son vrai nom Michel Regnier, naît le 5 mai 1931 à Ixelles, une commune de Bruxelles. Il est cependant de nationalité française. Dès l\'école communale, dans un quartier « à risques », où ses petits camarades ne pensent qu\'à castagner leur prochain, il sauve sa peau en racontant des histoires : chaque matin, on l\'attend sur le chemin de l\'école pour savoir la suite, et il a tout intérêt à se montrer talentueux. Cette vocation, bien qu\'un peu forcée au départ, ne le quittera jamais. Par ailleurs, il dessine pour le plaisir des Pieds Nickelés et des Tarzan. À 16 ans, il signe les mésaventures humoristiques de Nestor et Boniface, puis du cow-boy Ted Aclak dans le quotidien belge Vers l\'Avenir, mais ses talents de dessinateur ne sont guère saisissants et une bonne âme lui conseille d\'aller consulter Franquin - autant dire Dieu lui-même. À chaque entrevue, Franquin le félicite chaleureusement pour les progrès accomplis, tout en lui suggérant d\'améliorer le nez, les oreilles, les pieds, et aussi le monsieur qu\'on voit derrière. Récupérant sa page gribouillée du haut en bas, Greg hésite entre sauter de joie et se flinguer tout de suite. Pourtant, il progresse... En 1953, pour le magazine Héroïc-Albums, il crée Le Chat, une sorte de Batman dont il n\'est pas spécialement fier, mais qui fait maintenant courir les collectionneurs.'),
(32, 'Quinquis', 'Herlé', 'Herlé', '1958-09-04', NULL, 'france', ''),
(33, 'Jacobs', 'Edgar Pierre', '', '1904-03-30', '1987-02-20', 'belgique', 'Edgar Pierre Jacobs naît le 30 mars 1904 à Bruxelles. Il se passionne très tôt pour le dessin et la musique. Après avoir exercé quelques petits métiers, il travaille dans la publicité. Parallèlement, à partir de 1921, il devient figurant au Théâtre Royal de la monnaie à Bruxelles. Le 25 août 1922, le futur chanteur d\'opéra signe son premier contrat d\'artiste aux cotés de Mistinguett pour la Grande Revue du Casino de Paris. Le 29 août 1929, le baryton reçoit le premier grand prix de chant. Il sera engagé juste après, comme artiste lyrique, à l\'opéra de Lille.\nEn 1940, il doit abandonner la scène, à cause de la seconde guerre mondiale, chose qu\'il regrettera toute sa vie. Le \"baryton du neuvième art\" allait dès lors s\'illustrer dans des travaux graphiques alimentaires (publicité, catalogues, presse) qui le mèneraient à d\'autres \"planches\", celles de la Bande Dessinée, dérisoires à ses yeux, qui pourtant lui assureraient une gloire de diva.'),
(34, 'Geurts', 'Jean-Richard', 'Janry', '1957-10-02', NULL, 'belgique', 'Janry est né le 2 octobre 1957 à Jadotville, l\'actuelle Likasi au Zaïre. Sa première gamme de couleurs lui vient donc d\'Afrique. Mais aussi de son père qui travaillait dans une fabrique de peinture et de son frère aîné qui, pour le récompenser des bonnes notes qu\'il récoltait à l\'école, lui faisait des dessins \"merveilleux\" : c\'est suffisant pour donner le goût des images. À Bruxelles, où il débarque avec ses parents à dix ans, ce goût devient vite une passion. Janry dessine tout le temps, n\'importe quoi et n\'importe où. Il se passionne particulièrement pour les engins techniques, surtout les avions. Pour discipliner son talent, on l\'inscrit dans une école d\'Arts Graphiques. Là, il fait ses premières armes avec celui qui deviendra son comparse et son ami : Tome. Ils fonderont par la suite un atelier commun avec une fine équipe qui se développe petit à petit : Stéphane De Becker, Bruno Gazzotti, Christian Darasse... Janry publie ses premières planches dans des fanzines. Il est un temps l\'assistant de Francis, Dupa, Greg, Turk et De Groot, avant d\'animer, avec Tome, une rubrique de jeux pour SPIROU (\"Jeuréka\"). C\'est l\'époque où l\'éditeur cherche à redynamiser la production du personnage principal de son hebdomadaire. Pour sortir de leur routine d\'assistants-décorateurs, les deux complices se lancent dans un projet un peu fou : faire revivre \"Spirou et Fantasio\" dans l\'esprit des aventures qui ont bercé leur enfance.'),
(36, 'Jeanfaivre', 'Henri', 'Jenfèvre', '1968-10-14', NULL, 'france', ''),
(37, 'De Mesmaeker', 'Jean', 'Jidéhem', '1935-12-21', NULL, 'belgique', 'Né le 21 décembre 1935, Jean De Mesmaeker, dit Jidéhem, suit les cours d\'art décoratif à l\'institut Saint-Luc de Bruxelles et présente ses premiers travaux à Fernand Cheneval, éditeur et animateur de l\'hebdomadaire HEROïC-ALBUMS, qui l\'encourage et publie en feuilleton à partir de 1953 ses deux premières histoires, \"Ginger et le collectionneur\" et \"Le Baron est fou\". Jidéhem va ensuite réaliser pour ce journal une demi-douzaine d\'enquêtes de son détective \"Ginger\", ponctuées de mitraillades, de poursuites automobiles et de crashes spectaculaires. 1 la disparition d\'HEROïC-ALBUMS, fin 1956, il se présente chez Dupuis. Son type de série semi-réaliste et violente effarouche l\'éditeur fort soucieux de la censure française : Ginger ne vivra de nouvelles aventures dans SPIROU qu\'en 1979, lorsque le seuil de tolérance dans les publications pour la jeunesse se sera nettement relevé. Franquin se trouve toutefois débordé par les nombreuses responsabilités qu\'il a acceptées ( la série \"Spirou et Fantasio\", les animations de couvertures du journal et l\'illustration de la rubrique automobile \"Starter\"; les gags hebdomadaires de \"Modeste et Pompon\" dans TINTIN et la création envisagée de \"Gaston\") et Jidéhem lui est présenté. Il entre dans l\'atelier du Maître et participe aux décors de Spirou à partir du \"Prisonnier du Bouddha\", reprend et développe l\'animation graphique des articles de Starter, collabore largement aux premières années de \"Gaston Lagaffe\" (Son véritable patronyme sera d\'ailleurs accordé à l\'\"homme aux contrats\" de la série.)'),
(38, 'Michaut', 'Laureline', 'Laurel', '1982-02-03', NULL, 'france', 'Laureline Michaut, dite Laurel, est une illustratrice et dessinatrice de bande dessinée française née le 3 février 1982, à Metz, ville où elle vit toujours actuellement. Baptisée Laureline en référence à l\'héroïne de la série de bande dessinée Valérian. Elle est principalement connue sur internet pour son blog personnel, qu\'elle tient depuis près de 3 ans, qui est un des blogs BD français les plus visité. Après un bac L option Cinéma, Laurel ne suit pas d\'études supérieures artistiques, mais s\'entraîne de façon autodidacte pendant 2 ans, après quoi elle se lancera dans l\'illustration, accumulant des commandes. Elle débutera notamment dans les magazines pour enfants des éditions Koutchoulou. Repérée au FIBD d\'Angoulême en 2004 par Thierry Tinlot, rédacteur en chef du Journal de Spirou à l\'époque, elle participa, en 2004 et 2005, en compagnie des dessinatrices Cha et Mélaka, au magazine Spirou avec leur rubrique 33 rue Carambole, inspiré du blog des 3 auteurs. En 2005 et 2006, elle dessina 2 histoires courtes, sur un scénario de Thiriet, toujours pour le journal Spirou : Eva Lou, qui raconte les déboires d\'une adolescente qui rêve d\'être une star de la chanson. Laurel fit également quelques autres apparitions dans Spirou, ainsi que dans le magazine Psikopat. Son premier album, Carmilla, est prévu pour le mois de septembre 2006 aux éditions Vents d\'Ouest.'),
(39, 'Le Guen', 'Pierre', '', '1929-01-12', NULL, '', ''),
(40, 'Leloup', 'Roger', '', '1933-11-17', NULL, 'belgique', ''),
(41, 'Leonardo', 'Vittorio ', '', '1938-11-25', NULL, 'italie', 'À son arrivée en Belgique, en 1947, quittant le Vésuve pour les terrils, Vittorio Leonardo fait une rencontre historique : Lucky Luke et Jolly Jumper, tous frais créés par Morris dans l’Almanach Spirou 47 ! Si dans les marges de ses cahiers on voit apparaître les caricatures de son instituteur, les \'\'belles feuilles\'\' sont plutôt remplies de têtes de Lucky Luke et de Jolly Jumper, de Topolino et de Paperino (alias Mickey et Donald..). Plus tard, après des montagnes d’études au fusain, de dessins d’après modèle, de peintures à l’huile, Vittorio Leonardo se tourne définitivement vers la bande dessinée, qu’il peaufine longtemps le soir, après avoir colorié toute la journée les planches de.. Lucky Luke, Gaston, des Schtroumpfs, Boule et Bill, Jerry Spring, Gil Jourdan, on en passe, mais pas des meilleures ! Un jour, en visite à l’atelier de gravure-coloriage, Morris lui-même s’arrête devant quelques gags épinglés sur un panneau, qui représentaient les confrères de Leonardo caricaturés par lui.. quelques minutes après, c’est l’échange d’adresses et le début d’une nouvelle ère pour Leonardo ! Aidé par Morris, mais aussi par Franquin, Peyo et Remacle, Leonardo présente en 1968 une histoire originale : Barbotine, qui lui vaut une entrée immédiate au journal de Spirou. '),
(42, 'Léturgie ', 'Jean', '', '1947-12-24', NULL, 'france', 'Jean Léturgie est né le 24 décembre 1947 à Caen (14). Il a débuté dans la bande dessinée en réalisant des interviews pour les \"Cahiers de la Bande Dessinée\" (1976-1980) et le journal \"Circus\" (1979-1983). Parallèlement, il a été attaché de presse aux éditions Glénat. Puis, il écrit sa première histoire pour Pierre Wininger avant de créer, avec Philippe Luguy, Percevan, héros moyenâgeux, dont le 14e album est paru en 2011 aux éditions Dargaud. À partir de 1982, en collaboration avec Xavier Fauche, il écrit pour huit scénarios Lucky Luke de \"Sarah Bernhardt\" au \"Pont sur le Mississipi\". À la suite de cette expérience, il poursuit sa collaboration avec Fauche, et scénarise les aventures de Rantanplan (dessins Morris-Janvier). En avril 1995, avec Pearce et Morris, il lance le Kid Lucky, une nouvelle série qui permettra de raconter l\'histoire de l\'Ouest américain avant la guerre de sécession. Puis en 1996, il publie sa première Bd interactive sur internet au sein de virtual Baguette. Depuis, il poursuit les aventures Rantanplan, tout en travaillant à de nouveaux projets, toujours plus prolifiques. Parallèlement à ses travaux de scénariste, il a exercé diverses activités : responsable de la partie Bande Dessinée pour le journal \"Je Bouquine\" (1985-1986), directeur littéraire aux \"Humanoïdes Associés\" (1988-1990), rédacteur en chef du supplément Bande Dessinée pour VSD (juillet-août 1989), responsable du projet de journal BD ON LINE sur le réseau Internet (réalisation Matra Hachette Multimédia-John Eigrutel productions) pour le salon d\'Angoulême en 1995.'),
(43, 'Mandryaka', 'Nikita', '', '1940-10-20', NULL, 'tunisie', 'Nikita Mandryka, dit Mandryka, est un auteur de bande dessinée français, d’origine russe. Connu pour être le créateur du célèbre Concombre Masqué, il a également fondé avec Claire Brétécher et Marcel Gotlib L’Écho des Savanes et il a été le rédacteur en chef des magazines Charlie Mensuel et Pilote. Parmi les nombreuses récompenses qu’il a reçu, on lui a notamment décerné le Grand Prix du festival d’Angoulême en 1994, rendant ainsi hommage à son œuvre. Origine russe pur jus pour ce dessinateur né un 20 octobre 1940 à Bizerte, en Tunisie par un hasard de circonstances qui influença son génie créateur.'),
(44, 'Ledent', 'Michel', 'Midam', '1963-05-16', NULL, 'belgique', 'Comme Hergé et Franquin, c\'est dans la commune bruxelloise d\'Etterbeek que Michel Ledent, dit Midam, voit le jour en 1963. Enfant, il adore les monstres et rêve de devenir camionneur pour pouvoir travailler la nuit et écouter l\'émission radio «les routiers sont sympas» dans son 30 tonnes. Mais lorsqu\'à 18 ans, il choisit l\'orientation de ses études, il se tourne, un peu par hasard, vers des spécialités artistiques. D\'abord en architecture d\'intérieur durant un an puis en photographie. C\'est finalement en illustration qu\'il décroche un diplôme à Saint-Luc, célèbre école de la capitale belge. Mais la révélation de Midam en tant que dessinateur et scénariste de BD devra attendre. Après ses études d\'illustration, il fait son service militaire dans la Force Navale Belge en tant que dessinateur-décorateur. S\'ensuivent des années de galère et de petites commandes pour diverses revues et journaux. En 1992, il anime diverses rubriques dans le journal de Spirou, mais ce n\'est qu\'un an plus tard qu\'il renouvelle la rubrique consacrée aux jeux vidéo en créant le personnage de Kid Paddle. L\'enthousiasme des lecteurs encourage Midam et le rédacteur en chef de Spirou à passer de la demi-page à la pleine page. Puis naturellement, en 1996, le premier album de Kid Paddle voit le jour. En 1997, Midam crée une nouvelle série : Histoires à lunettes. Il collabore avec Clarke (Mélusine) en lui confiant la réalisation graphique de la série. De cette collaboration naissent 3 albums qui à défaut de rencontrer un succès commercial, suscitent un accueil plus que favorable de la critique. Avec le succès de Kid Paddle, le souhait d\'exploiter ce personnage sur d\'autres supports n\'a pas tardé.'),
(45, 'Morvan', 'Jean-David', '', '1969-11-28', NULL, 'france', ''),
(46, 'Adamowski', 'David', 'Moski', '1966-09-18', NULL, 'france', 'David Adamowski - alias Moski - est né le 18 septembre 1966 à Briey, en Meurthe en Moselle. Un père d\'origine polonaise, une mère d\'origine franco-italienne... Au lieu de jouer au foot avec ses copains et son frère, David préfère lire des BD et dessiner. À la question \" Que veux-tu faire plus tard ?\", le jeune David n\'ose pas répondre \" de la BD \" et se lance donc dans des études... scientifiques, en se disant qu\'il sera toujours temps de s\'y remettre, un jour ou l\'autre. Son amour des enfants le pousse finalement à devenir instituteur, (noble métier qu\'il exerce encore aujourd\'hui) en espérant raconter un jour des aventures autrement plus passionnantes que celles du complément d\'objet direct et du participe passé placé avant le verbe avec l\'auxiliaire avoir! Deux ans de service militaire civil (en tant qu\'instituteur à l\'école française de Brasilia) l\'amènent au Brésil, un voyage qui change sa vie ! David y reste finalement quatre ans et fait à Salvador-de-Bahia la rencontre de Lucia, qui deviendra sa femme. Puis, c\'est le retour en France avec la ferme intention de tenter sa chance dans la bande dessinée. Pour cela il travaille d\'abord dans la pub (comme Monsieur Luberlu) et exerce son dessin, influencé au départ par Watterson, l\'auteur de Calvin & Hobbes. En 1997, il sort aux éditions du Bastberg un petit ouvrage jeunesse intitulé A la casse les 7 nains, sur un texte de Frédéric Magnan.'),
(47, 'Munuera', 'José-Luis', '', '1972-04-21', NULL, 'espagne', 'Né en Espagne le 21 avril 1972, José-Luis Munuera ne réfute pas sa forte imprégnation par la BD franco-belge, principalement humoristique, dans ses traductions locales ou les magazines parvenant au-delà des Pyrénées. Après ses études aux Beaux-Arts de Grenade, il tente de percer dans son pays, mais se rend vite compte que le goût éditorial y est surtout porté ves les séries américaines, les mangas et un réalisme esthétisant fort éloigné de son penchant naturel pour l\'humour. Il cite volontiers parmi ses lectures préférées Spirou et Fantasio ou l\'oeuvre d\'Uderzo. Jugé trop \"français\" par ses pairs, il se rend en pélerinage à Angoulême où il a la chance de se lier avec Sfar qui lui scénarise trois albums des \"Potamoks\" pour les éditions Delcourt en 1996-1997 (\"Terra incognita\", \"Les Fontaines rouges\", \"Nous et le désert\"). Après ce premier essai en commun dont le résultat commercial ne les satisfait guère, ils se tournent vers Dargaud et content l\'enfance de l\'enchanteur Merlin à partir de 1999 (\"Jambon et Tartine\", \"Merlin contre le Père Noël\", \"Merlin va à la plage\", \"Le Roman de la mère Renart\"). Tout comme le regretté Franquin, Munuera insiste sur le fait qu\'il trouve en fait son plaisir à illustrer des histoires qu\'il aurait aimé lire étant jeune... '),
(48, 'Neel', 'Julien', '', '1976-04-26', NULL, 'france', 'Julien Neel est né en 1976 en banlieue parisienne. Il a arrêté l\'école en seconde, après y avoir beaucoup dessiné et très peu écouté, et a commencé à travailler dans le graphisme et la publicité. Puis , il est devenu directeur artistique chez un éditeur de cartes postales à Aix-en-Provence. Il est resté dans la ville, mais a fini par quitter les cartes postales pour poursuivre son travail graphique en indépendant. Il a beaucoup oeuvré pour internet et les jeux vidéo avant de voir ses strips publiés dans le Mégazine Tchô ! Son premier livre, paru en 2004 chez Glénat (collection Tchô !), a donné naissance à Lou et lui a valu le prix Jeunesse au festival d\'Angoulême 2005. '),
(49, 'Chevrier', 'Bruno', 'Nob', '1973-01-01', NULL, 'france', 'Né à Tours en 1973, Bruno Chevrier effectue ses premiers pas de dessinateur dans un fanzine qu\'il crée au lycée. Il fait son entrée dans le magazine Tchô ! après avoir remporté le Concours Jeunes Talents organisé par les Éditions Glénat. Il crée les aventures de Bogzzz, puis devient rédacteur en chef du journal en 2003. L\'année suivante, il lance Mon ami Grompf dans le mensuel D-Liretout en poursuivant ses activités dans Tchô !Nob trouve l\'inspiration et le temps pour mettre en scène ladorable Mamette, une mamie douce et sucrée, comme les choux à la crème dont elle raffole.');
INSERT INTO `auteur` (`AuteurId`, `AuteurNom`, `AuteurPrenom`, `AuteurPseudo`, `AuteurDateNaiss`, `AuteurDeces`, `AuteurPays`, `AuteurBiographie`) VALUES
(50, 'Culliford', 'Pierre', 'Peyo', '1928-06-25', '1992-12-24', 'belgique', 'Pierre Culliford est né le 25 juin 1928 à Bruxelles. D\'origine britannique par son père, il effectue ses études primaires et secondaires au collège Saint-Louis à Bruxelles, qu\'il abandonne à l\'âge de 16 ans, la Seconde Guerre mondiale étant largement entamée. Jusqu\'à la libération, il est assistant projectionniste dans une salle de cinéma puis il passe quelques mois à l\'Académie des Beaux-arts de Bruxelles. Mais cet enseignement ne lui convient pas car il est attiré par le dessin humoristique et la caricature. Son petit-neveu, incapable de prononcer \"Pierrot\" l\'appela Peyo ... provenance de son pseudonyme. En 1945, il est engagé en tant que \"gouacheur\" à la CBA (modeste studio de dessins animés) où il rencontre ceux qui allaient devenir des incontournables de la BD et de grands amis : André Franquin, Morris et Eddy Paape. Malheureusement, le studio fait faillite (suite à un incendie) et Peyo s\'oriente vers la publicité. Après un an de dessin publicitaire, il débute timidement dans la Bande Dessinée : un essai dans \"La Dernière Heure\", puis dans \"Le Soir\". Bientôt, en 1947, la fusion d\'une passion débordante pour le Moyen-Age mythique de sa plus tendre enfance et d\'un humour poétique teinté de fantaisie tend à la réalisation de \"Johan\", jeune page fidèle à son roi, qui sera le reflet de nos valeurs morales traditionnelles. Parallèlement, il anime \"Pied-Tendre\", le petit indien dans \"Mowgli\", la revue des louveteaux belges, et réalise quelques dessins humoristiques dans divers quotidiens. Le style s\'affine, la verve s\'aiguise et, après quelques coups d\'essai dans différents médias dont \"Moustique\", le jeune Peyo entre chez \"Spirou\" en 1952, et ce grâce à l\'appui d\'André Franquin.'),
(51, 'Tranchand', 'Pierre', 'Pica', '1953-01-21', NULL, 'france', ''),
(52, 'Roba', 'Jean', '', '1930-07-28', '2006-06-14', 'belgique', ''),
(53, 'Rodrigue', 'Michel', '', '1961-04-01', NULL, 'france', 'C\'est à Lyon, dans l\'hôpital où naquit le grand René Pellos, que Michel Rodrigue a vu le jour dans la nuit du 1er avril 1961. Adolescent, il visite plusieurs lycées où seules ses qualités d\'athlète lui assurent l\'estime de certains professeurs. Grâce au sport, mais aussi à ses talents de dessinateur, il obtient toutefois son bac. Il s\'inscrit alors à l\'Ecole nationale des Beaux-Arts. Contraint cependant de vider les lieux, il opte pour une licence en archéologie médiévale qu\'il passe tout en travaillant comme marionnettiste. De 1983 à 1985, il fait partie de l\'équipe de France de rugby, mais il se produit en outre sur les planches avec la troupe de Jacques Weber et anime des spectacles de marionnettes. Il entre ensuite à l\'Ecole du Cirque où il rencontre la Famille Gruss qui l\'accueille parmi ses membres... Sa vocation de dessinateur de BD, il l\'a découverte après une représentation de «Cyrano de Bergerac». En 1986, son adaptation en bandes dessinées du chef-d\'œuvre d\'Edmond Rostand (Vents d\'Ouest) remporte un fort beau succès. En 1987, il crée la masquotte officielle de la 1ère Coupe du Monde de rugby et l\'année suivante, il signe avec Bom «Les Conspirateurs», une série de gags pour le journal «Tintin». À partir de 1990, succédant à René Pellos, il produit trois albums des «Pieds Nickelés», collabore au mensuel «Rugbyman», l\'organe de la Fédération Française de Rugby, et illustre des affiches de festivals et de cirques.'),
(54, 'Sulpice', 'Olivier', '', '1971-01-01', NULL, 'france', 'Olivier Sulpice est né à Mâcon, en 1971. Après une enfance turbulente et une adolescence où il préfère regarder les filles que ses cours, il obtient son Bac et un DUT de Technique de commercialisation. En 1993, il rencontre Henri Jeanfaivre au service militaire dans la gendarmerie. Il s’associent et fondent le studio de création Bamboo Grafic. Passionné de BD depuis toujours, il crée, en 1997, Bamboo Édition et devient éditeur. Ça tombe bien ! Petit, il classait déjà ses albums par maison d’édition. Pendant deux ans, Bamboo ne publie que du Jenfèvre-Sulpice, dont la série Les Gendarmes. Progressivement, des auteurs extérieurs lui font confiance, accélérant la croissance de la société.'),
(55, 'Thébault', 'Frédéric', 'Tébo', '1972-06-15', NULL, 'france', ''),
(56, 'Vandevelde', 'Philippe', 'Tome', '1957-02-24', NULL, 'belgique', 'Né à Bruxelles le 24 février 1957, Philippe Vandevelde, dit \"Tome\", aura aimé la bande dessinée avant même d\'en avoir jamais lu! Il a un peu plus de cinq ans lorsque, à la suite d\'une opération aux yeux qui le laisse temporairement aveugle, on lui lit \"Le Sceptre d\'Ottokar\" et \"Les Extraordinaires Aventures de Corentin Feldoë\". Ses premiers essais dans ce domaine paraîtront dans le fanzine BUCK animé par Thierry Groensteen, futur pape de la critique graphique. Afin de renouer avec ses émotions d\'enfant, Tome abandonne ses études d\'animation cinéma, de communication graphique et de journalisme pour se consacrer à son hobby. Il devient un temps assistant de Dupa, puis de Turk et De Groot, bon apprentissage où il s\'allie avec un autre membre de l\'équipe, Janry, pour réaliser des pages de jeux pour SPIROU (\"Jeuréka\"). Après quelques péripéties, la série \"Spirou et Fantasio\" leur est confiée en 1981 et ils lancent \"Le Petit Spirou\" six plus tard. Tome abandonne graduellement le dessin pour se consacrer entièrement au scénario. Pour Warnant, puis Gazzotti, il anime \"Soda\", le pasteur policier new-yorkais. '),
(57, 'Uderzo', 'Albert', '', '1927-04-25', NULL, '', ''),
(58, 'Van Hamme', 'Jean', '', '1939-01-16', NULL, '', ''),
(59, 'Vehlmann ', 'Fabien', '', '1972-01-30', NULL, 'france', 'Fabien Vehlmann est né le 30 janvier 1972 à Mont de Marsan, dans les Landes. (Il en gardera l’amour des arbres tordus par le vent.) Trois ans plus tard, il déménage en Savoie, où il passe une enfance « vraiment chouette », dans un harmonieux dosage d’introversion — il adore inventer des jeux tout seul — et de sociabilité — il adore retrouver ses potes. « J’ai eu de la chance, mes parents m’ont laissé jouer, au lieu de bosser dès la maternelle, ». Vers 6 ans, il attaque la bande dessinée, en remplissant ses cases de dessins genre « sténo ». Il se découvre aussi un don d’amuseur public, qu’il se croit obligé d’entretenir, jusqu’au moment où il comprend qu’il a aussi le droit d’être triste. Ce qui nous vaut (peut-être) les moments les plus touchants de Samedi et Dimanche : entre deux rigolades, Samedi se chope le blues. Il n’est plus qu’un pauvre petit chiffon qui veut « tomber ici et puis rester tout mou sur le sol et puis pleurer ». Arrivé en fin de parcours lycéen, il se dit que la BD n’est pas une orientation professionnelle raisonnable. Il entre à l’École supérieure de commerce de Nantes, navigue dans le marketing des jouets, et sort diplômé en 1995. Objecteur de conscience, il se retrouve administrateur d’une troupe de théâtre. « C’était comme être planté au milieu d’une pâtisserie sans pouvoir manger les gâteaux : je ne vivais que les aspects chiants de la création. » Malgré tout, il tourne deux ou trois courts-métrages en vidéo avec les comédiens, et essaie la radio dans une station locale, avec des sketches qui font bien marrer le technicien — c’est toujours ça. En 1996, Spirou organise un concours de scénario. Il faut envoyer quatre pages, il en tartine quarante, c’est beaucoup trop.'),
(60, 'Verron', 'Laurent', '', '1962-05-25', NULL, 'france', 'Laurent Verron est né à Grenoble le 25 mai 1962. En 1985, il débute dans la vie active comme maquettiste dans une agence de publicité. Autodidacte, il affiche des influences différentes de nombre de ses confrères. Il a lu \"Le Journal de \" Mickey \" bien avant de découvrir \"Spirou\". Walt Disney est une référence absolue pour lui. Il ne sait pas encore que si Franquin, Morris, Peyo et Roba ont fait de la bande dessinée, c’est en pensant d’abord à l’oncle Walt. Son premier coup de foudre franquinien se situe à l’époque du \" Trombone illustré\". L\'envie de faire de la bande-dessinée ne le quittera plus. Ayant appris que Jean Roba, le créateur de \" Boule et Bill \", cherchait un collaborateur, il lui adresse sa candidature et quelques-uns de ses dessins. A son grand étonnement (\"À l’époque, je dessinais comme un réverbère…\" dit-il) son travail est remarqué. Il rencontre alors Roba à Bruxelles. Le courant passe bien entre les deux hommes. \" J’ai travaillé avec Jean entre 1986 et 1989 sur le lettrage, les décors et j\'ai appris à être précis dans mon crayonné, à bien utiliser la plume et le pinceau pour avoir un trait dynamique et vivant, un trait \"lancé\" comme disait Roba\". '),
(61, 'Chappuis', 'Philippe', 'Zep', '1967-12-15', NULL, 'suisse', 'Zep est né en Suisse en 1967. Il s\'inscrit aux Arts Déco de Genève d\'où il sortira diplômé. Il publie dans la presse « Victor » puis est remarqué par « le journal de Spirou ». Après quelques albums, en 1992, il donne naissance à « Titeuf » par hasard, sur un carnet de croquis, alors qu\'il dessine des souvenirs d\'enfance. La première planche est publiée dans un fanzine et, à sa lecture, Jean-Claude Camano des Editions Glénat lui propose de l\'éditer. C\'est le début de la grande aventure de Titeuf. Le succès est croissant et devient rapidement un véritable phénomène du monde de l\'édition. Plus de 12 millions d\'albums de « Titeuf » ont été vendus, et il est traduit dans plus de 20 pays dont la Chine. En mai 2000, Titeuf fait son apparition dans les romans de la Bibliothèque Rose chez Hachette Jeunesse. En 2001, paraît « Le Guide du zizi sexuel » co-écrit avec Hélène Bruller. Tous deux écrivent « Les Minijusticiers » chez Hachette Jeunesse en 2003. Zep a également illustré la même année un livret pédagogique pour Handicap International et réalisé un carnet de 68 pages pour l\'album « Chansons pour les pieds » de Jean-Jacques Goldman. '),
(224, 'Aneko ', 'Yusagi', '', NULL, NULL, 'japon', ''),
(225, 'Burnham ', 'Erik', '', '1978-02-26', NULL, 'etats unis', ''),
(226, 'Conner ', 'Amanda', '', '1967-08-18', NULL, 'etats unis', '\"\"\"\"\"\"'),
(227, 'De Groot ', 'Robert', 'De Groot Bob', '1941-10-26', NULL, 'belgique', 'Né à Bruxelles le 26 octobre 1941, Bob de Groot n\'a que 17 ans lorsqu\'il entame des études dans une école supérieure de dessin. En 1960, sa rencontre avec le grand Maurice Tillieux l\'amène à collaborer aux aventures de «Félix». Pendant plus de cinq ans, il réalise en solo quelque 300 pages pour des quotidiens. En 1967, pour «Pilote», il réalise les décors de courtes histoires avec Hubuc, puis, seul sur un scénario de Reiser, il anime les aventures de «L\'Agent Caméléon» avec Fred. Reprise avec Turk, cette série va lui permettre d\'inaugurer les premières longues années de complicité avec celui-ci. En 1968, pour «Spirou», le duo crée «Archimède», puis entame en 1969 pour «Tintin», les délirantes aventures de «Robin Dubois». En 1972, Bob de Groot reprend les enquêtes de «Clifton» (avec Turk puis avec Bédu). Entre-temps, il abandonne le dessin pour se consacrer exclusivement à l\'écriture de scénarios. En 1975, pour «Achille Talon Magazine», il lance avec Turk les aventures de «Léonard». Comptant dès lors comme l\'un des scénaristes humoristiques les plus réputés, il relance «Chlorophylle» avec Dupa et Walli. Il collabore aussi épisodiquement avec Tibet («Le club des Peur-de-Rien»), Greg et Dany. Pour Morris, il participe en outre aux exploits de «Lucky Luke» et de «Rantaplan» avec Vittorio. En 1989, de Groot fait par ailleurs une incursion dans le récit réaliste en scénarisant pour Ph. Francq «Des villes et des femmes» (Dargaud). '),
(228, 'Dini ', 'Paul', '', '1957-08-07', NULL, 'etats unis', 'Paul Dini a débuté comme scénariste dans l’animation avec des épisodes des Tiny Toons avant de signer quelques-uns des meilleurs épisodes de Batman : la série animée et d’en devenir un des producteurs. Outre son travail pour Warner Bros. Animation et pour la télévision (Lost, Clone Wars), Dini a écrit pour Bruce Timm Mad Love, un one-shot sur son personnage fétiche d’Harley Quinn, et pour Alex Ross des albums en grand format sur Superman, Batman, Wonder Woman, Captain Marvel et la Ligue de Justice. Il a également fait des passages remarqués sur les séries Detective Comics, Batman : Streets of Gotham, Zatanna et Gotham City Sirens.'),
(229, 'Fletcher ', 'Brenden', '', NULL, NULL, 'canada', 'Brenden Fletcher a passé une grande partie de son enfance avec ses grands-parents immigrants écossais qui ont façonné son point de vue de la narration et de la musique. Il a été élevé dans la campagne canadienne en inventant des histoires et des chansons mythiques. Il est diplômé du Royal Conservatory of Music, University of Windsor et a été chanteur au St Catharines outfit, Bedroom Astronomers. Brenden, avec un autre compatriote musicien et compositeur Jakub Zapotoczny, constituent les talents créatifs du nom de Ragni. Ragni a parcouru l\'Europe, réalisée en direct des spectacles en streaming à des milliers d\'auditeurs à travers leur site web et donnés leur morceaux pour iPod. Leur musique peut être entendue dans des documentaires et des courts métrages de l\'Office national du film du Canada, des podcasts disponibles par le biais d\'Apple iTunes Music Store.'),
(230, 'Fujimoto', 'Hiroshi', 'Fujiko F.Fujio', '1933-12-01', '1996-09-23', 'japon', '\"\"\"\"\"\"'),
(231, 'Aoyama', 'Gôsho', 'Gôsho Aoyama', '1963-06-21', NULL, 'japon', 'Au CP, il remporte un concours avec une peinture Yukiai War qui sera exposé au grand magasin Daimaru de Tottori5.\n\nIl a un grand frère et deux petits frères. Le grand frère est devenu scientifique, son petit frère dirige une entreprise familiale de réparation tandis que le frère cadet est devenu médecin. Leurs connaissances techniques et scientiques est une ressource importante pour Gōshō Aoyama quand il cherche des astuces ou histoires pour Détective Conan3.\n\nIl est diplômé au lycée d\'Ikuei5. Il poursuit ses études à l\'université Nihon de Tokyo, à la faculté des arts5. En hiver 1986, Aoyama participe à un concours de manga et gagne2. Ce fut un tremplin pour sa carrière d\'artiste et un tournant dans sa vie.'),
(232, 'Konami ', 'Kanata', '', '1958-07-03', NULL, 'japon', '\"\"\"\"\"\"'),
(233, 'Miura ', 'Isao', '', '1983-02-25', NULL, 'Japon', 'MIURA est l’auteur du roman The Sacred Blacksmith, dont les 5 volumes se sont écoulés à plus de 600.000 exemplaires au Japon. Son œuvre est désormais adaptée en dessin animé et en manga papier.'),
(234, 'Aruntiwa', '', '', NULL, NULL, 'japon', ''),
(235, 'Peyer ', 'Tom', '', '1954-02-23', NULL, '', ''),
(236, 'Remender ', 'Rick', '', '1973-02-01', NULL, 'Etats unis', ''),
(237, 'Sano ', 'Nami', '', '1987-04-17', NULL, 'japon', ''),
(238, 'Schulz ', 'Charles', 'Schulz Charles', '1922-11-26', '2000-02-13', 'etats unis', ''),
(239, 'Seeley ', 'Tim', '', NULL, NULL, 'etats unis', 'Tim Seeley est un scénariste de bande dessinée connu pour son travail sur les séries Grayson (DC Comics), GI Joe: A Real American Hero, GI Joe vs. Transformateurs et New Exiles. Il est également le co-créateur des titres Hack/Slash et Revival chez Image comics.'),
(240, 'Snyder ', 'Scott', '', '1976-01-01', NULL, 'etats unis', ''),
(241, 'Tomasi ', 'Peter J', '', '1967-08-18', NULL, 'etats unis', 'Peter J. Tomasi est un éditeur et scénariste américain de comics books , connu pour son travail pour DC Comics . En tant qu\'éditeur, il a supervisé de nombreux livres mettant en vedette la \"Justice League\" , y compris des livres avec divers membres de cette équipe, tels que Batman, Aquaman, Martian Manhunter, Green Lantern et Flash. En tant que scénariste, il a écrit des histoires avec des personnages liés au héros Batman, tels que Batman et Robin et The Outsiders , au héros Green Lantern tels \" Blackest Night \", \"Brightest Day\" et \"Green Lantern: Emerald Warriors\". Tomasi est devenu fan de comics en lisant les magazines de Batman que son père achetait et en regardant l\'émission de T.V \"Super Friends\" que présentait Adam West (l\'acteur jouant Batman dans la série des 60\'s). il cite le travail de Denny O\'Neil et Neal Adams comme inspiration pour sa carrière ainsi que Jim Aparo et Bob Haney pour son travail sur \"The Brave and the Bold\". Commençant comme éditeur chez DC en 1993, il travaille sur des titres tels que Green Lantern , Batman, Aquaman , Hawkman et JSA , il était aussi un scénariste occasionnel sur divers titres, y compris JSA, The Outsiders , Steel et The Light Brigade.'),
(242, 'Len', 'Wein ', '', '1948-06-12', NULL, '', '\"\"\"\"\"\"'),
(243, 'Drousie', 'Benoit', 'Zidrou', '1962-04-12', NULL, 'belgique', '\"\"\"\"\"\"'),
(244, 'Geluck', 'Philippe', 'Geluck', '1954-05-07', NULL, 'belgique', 'Philippe Geluck est né à Bruxelles le 7 mai 1954. Déjà tout petit, il décide qu\'il deviendrait comédien. Dès 1975, il joue au Théâtre National de Belgique (\"Roméo et Juliette\", \"l\'Opéra de Quat\'sous\", ... ou bien encore \"les oeuvres de Chaval et Copi\"). Rapidement, il a les honneurs du petit écran où il anime plus de mille émissions au ton ironique, et cela depuis 1978. Citons parmi eux \"Lollipop\", \"L\'esprit de famille\" et \"le Jeu des dictionnaires\". En 1982, il crée un one-man-show, \"Un certain plume\", de Michaux, avec lequel il recueille un succès énorme. Il participe en 1983 au film d\'André Delvaux \"Benvenuta\" ainsi qu\'au téléfilm de JL Colmant, \"Jackson et le Mnémocide\", d\'après le scénario de Jean Van Hamme.'),
(245, 'De Bevere', 'Maurice', 'Morris', '1923-12-01', '2001-07-16', 'belgique', 'Né en 1923, Maurice de Bevere, dit Morris, est un dessinateur et scénariste de bande dessinée belge. Créateur en 1947 de la série Lucky Luke, de son héros éponyme et de son univers, il a également créé Rantanplan en 1987, ainsi que les éditions Lucky Productions, pour promouvoir son œuvre, en 1990. On lui décerne, en 1992, le Grand Prix spécial 20ème anniversaire du Festival d’Angoulême, en hommage à sa carrière, et il est fait Officier dans l’Ordre des Arts et des Lettres en 1998. Morris s’éteint en 2001, à l’âge de 77 ans. C’est à Courtrai, le 1er Décembre 1923, qu’est né Maurice de Bevere dit Morris, l’un des pères fondateurs de la bande dessinée. Après le baccalauréat et des études de droit, il apprend la technique de l’animation grâce aux cours de dessin de Jean Image et il entre bientôt à la Compagnie Belge d’Actualités, studio de dessins animés où il fait la connaissance d’André Franquin, d’Eddy Paape et de Peyo. '),
(246, 'Chivard', 'Yoann', 'Yoann', '1971-10-08', NULL, 'france', 'oann… est né en 1971, le 8 octobre à Alençon dans l’Orne… une jeunesse passée à dessiner chez lui le mercredi après-midi, ou à observer les grenouilles au bord des ruisseaux voisins… Après un bac arts-plastiques, il est reçu à l’école des Beaux-Arts d’Angers, ville qu’il habitera 8 ans. Aux Beaux-Arts, il rencontre Eric Omond, qui devient vite son scénariste favori ainsi qu’un de ses meilleurs amis, il s’ouvre aussi sur l’art contemporain, la vidéo, la photo, la communication et cessera même, la BD durant un an et demi. '),
(247, 'Liégeois', 'Philippe', 'Turk', '1947-07-08', NULL, 'Belgique', 'Né à Durbuy le 8 Juillet 1947 dans les Ardennes Belges, Turk, de son vrai nom Philippe Liégeois n\'a que 16 ans, lorsqu\'il est engagé au studio de dessin des Editions Dupuis à Bruxelles. C\'est là qu\'il rencontrera beaucoup de dessinateurs et entre autres, Bob de Groot. C\'est le début de leur fructueuse collaboration. Sur scénario de Bob de Groot, il dessinera en 1968 pour \"Spirou\" quatre mini-récits ayant pour héros Archimède. A cette époque, la télévision a la bonne idée de passer un film de \"Robin des Bois\". C\'est le déclic ! Ils décident de créer un personnage démythifiant le héros de la célèbre légende. Pourquoi ne pas l\'appeler \"Dubois\", c\'est plus commun ! Ils le proposent, en 1969, au journal \"Tintin\". '),
(248, 'Aiya', 'Kiu', NULL, NULL, NULL, 'japon', ''),
(249, 'Yamada', 'Kohtaro', '', '1980-03-15', NULL, 'japon', 'Son prénom est orthographié Kohtaro, Koutarou ou Kôtarô suivant les éditeurs. Yamada Kôtarô a été récemment remarqué en France pour Étoile (paru chez Tonkam) et est notamment connu au Japon pour son adaptation de Fire Emblem dans les pages du prestigieux Shônen Jump.'),
(268, 'Len', 'Wein ', '', '1948-06-12', NULL, 'etats unis', ''),
(271, 'Cassaday ', 'John', '', '1971-01-01', NULL, 'etats unis', ''),
(272, 'Aucoin', 'Derec', 'Donovan Derec', NULL, NULL, '', 'Désormais appelé Derec Donovan, ce dessinateur discret et talentueux débute dans les années 1990 sur la série R.E.B.E.L.S. pour DC Comics avant de multiplier les travaux aussi divers que Wonder Woman, Connor Hawke : Dragon’s Blood ou Legion of Super-Heroes. Sa reprise d’Adventures of Superman avec Joe Casey au scénario consolide un tandem que l’on retrouve ensuite sur une reprise du Youngblood d’Image Comics.'),
(274, 'Gleason', ' Patrick', '', NULL, NULL, 'etats unis', ''),
(275, 'Jones ', 'Tristan Huw', 'Jones T-Rex', '1984-12-31', NULL, 'australie', ''),
(276, 'Montri ', 'K.', '', NULL, NULL, '', ''),
(279, 'Takara ', 'Marcio', '', NULL, NULL, 'etats unis', ''),
(280, 'Tarr ', 'Babs', '', '1987-11-12', NULL, 'etats unis', ''),
(281, 'Templeton ', 'Ty', '', '1962-05-09', NULL, 'Canada', ''),
(282, 'Timms ', 'John', '', NULL, NULL, 'costa rica', ''),
(283, 'Amouriq', 'André', '-', '1945-01-01', NULL, 'France', ''),
(284, 'Fréchon', 'Aubin', 'Aubin Antoine', '1967-08-08', NULL, 'France', ''),
(285, 'Aucaigne', 'Pierre', '-', '1960-07-22', NULL, 'France', ''),
(286, 'Benoit', 'Ted', '-', NULL, NULL, '', ''),
(287, 'Blesteau', 'Albert', '-', '1950-06-08', NULL, 'France', ''),
(288, 'Bodart', 'Denis', '-', '1962-11-30', NULL, 'Belgique', 'Denis Bodart né en Belgique en 1962, débute dans la BD en 1985. Il s\'associe avec Yann en 1988 avec Célestin Speculoos chez Glénat, qui est depuis réédité chez Vents d\'Ouest et un volume de Chaminou pour Marsu Productions.'),
(289, 'Borecki', 'Ludo', '-', '1973-03-24', NULL, 'Belgique', ''),
(290, 'Carrère', 'Serge ', '-', '1958-01-05', NULL, 'France', ''),
(291, 'Constant', 'Michel', '-', '1963-02-07', NULL, 'Belgique', ''),
(292, 'Cucuel', 'Xavier ', '-', NULL, NULL, 'France', ''),
(293, 'Dalena', 'Antonello', '-', NULL, NULL, 'Italie', 'Antonello Dalena a démarré sa carrire en illustrant des récits courts pour Disney (Mickey, Donald Duck). Il réalise également des character designs pour la société de production de dessins animés Artoonic.'),
(294, 'De Coninck', ' Jeroen', '-', NULL, NULL, 'Belgique', 'Après des études graphiques Gand, Jeroen De Coninck travaille depuis plusieurs années dans cette branche. Il réalise entre autres une bande dessinée L\'Arche de Noé ainsi que des illustrations pour des livres d\'enfants et pour des hebdomadaires. '),
(295, 'De Moor', 'Robert', 'De Moor Bob', '1925-12-20', '1992-08-16', 'Belgique', ''),
(296, 'Drèze', 'Erwin ', '-', '1960-11-27', NULL, 'Belgique', ''),
(297, 'Duchâteau', 'André-Paul', '-', '1925-05-08', NULL, 'Belgique', ''),
(298, 'Dufaux', 'Jean', '-', '1949-06-07', NULL, 'Belgique', ''),
(299, 'Lodewick', 'Vincent ', 'Dugomier Vincent', '1964-08-20', NULL, 'Belgique', ''),
(300, 'Catignol', 'Christian ', 'Gaty Christian', '1925-02-09', NULL, 'France', ''),
(301, 'Géron', 'Jacques', '-', '1950-01-08', '1993-10-30', 'Belgique', ''),
(303, 'Henrotin ', 'Marcy', '-', NULL, NULL, 'Belgique', ''),
(304, 'Hubinon', 'Victor', '-', '1924-04-26', '1979-01-08', 'Belgique', ''),
(305, 'Janssens', 'Jean-Louis', '-', '1959-09-27', NULL, 'France', ''),
(306, 'Janvier', 'Michel ', '-', '1954-01-02', NULL, 'France', ''),
(307, 'Jost', 'Alain', '-', NULL, NULL, '', 'Aprés avoir longtemps écrit et dessiné des gags quotidiens ou hebdomadaires pour la presse, Alain Jost s\'est éloigné du dessin pour se consacrer aux scénarios, livres pour enfants et romans pour jeunes.Il collabore depuis une vingtaine d\'années avec le studio Peyo pour lequel il a écrit de nombreux strips, gags en une page (Schtroumpferies), conte du Grand Schtroumpf et quantité de livres pour enfants, récits audio et adaptations diverses.'),
(308, 'Juillard', 'André', '-', NULL, NULL, 'Belgique', ''),
(309, 'Kox', 'Daniel', '-', '1948-06-09', NULL, 'France', ''),
(310, 'Lambillotte', 'Willy', 'Lambil Willy', '1936-05-14', NULL, 'Belgique', ''),
(311, 'Lapière', 'Denis ', '-', '1958-08-08', NULL, 'Belgique', ''),
(312, 'Macherot', 'Raymond', '-', '1924-03-30', '2008-09-26', 'Belgique', ''),
(313, 'Mainguy', 'Dominique ', '-', '1965-02-05', NULL, 'France', ''),
(314, 'Maury', 'Alain', '-', '1958-03-09', NULL, 'Belgique', ''),
(315, 'Ollivier', 'Jean', '-', '1925-01-01', '2005-12-30', 'France', ''),
(316, 'Oneta', 'Franco', '-', '1934-11-23', '2016-01-11', 'Italie', ''),
(317, 'Paganotto', 'Camille', '-', '1977-02-25', NULL, '', ''),
(318, 'Parthoens', 'Luc', '-', '1964-10-02', NULL, 'Burundi', ''),
(319, 'Pellerin', 'Patrice', '-', '1955-11-02', NULL, 'France', ''),
(320, 'Perna', 'Patrice', 'Perna Pat', NULL, NULL, 'France', ''),
(321, 'Poisson', 'Jean-Louis ', 'Pesch Jean-Louis', '1928-06-29', NULL, 'France', ''),
(322, 'Reynès', 'Mathieu', '-', '1977-02-11', NULL, 'France', ''),
(323, 'Richez', 'Hervé', '-', '1967-07-23', NULL, 'France', ''),
(324, 'Saive', 'Bruno', '-', NULL, NULL, 'Belgique', 'Bruno Saive est scénariste de bandes dessinées. Il est le frère de Olivier Saive, dessinateur de BD'),
(325, 'Saive', 'Olivier ', '-', '1963-08-31', NULL, 'Belgique', ''),
(326, 'Salvérius', 'Louis ', '-', '1935-01-01', '1972-05-22', 'Belgique', ''),
(327, 'Sente', 'Yves ', '-', '1964-01-17', NULL, 'Belgique', ''),
(328, 'Tabary', 'Jean ', '-', '1930-03-05', '2011-08-18', 'Sude', ''),
(329, 'Toulon', 'Arnaud ', '-', '1973-04-18', NULL, 'France', ''),
(330, 'Veys', 'Pierre', '-', '1959-04-07', NULL, 'France', ''),
(331, 'Wein', ' Len', '-', '1948-06-12', NULL, 'Etats unis', ''),
(332, 'Widenlocher', 'Roger', '-', '1953-06-03', NULL, 'Algérie', ''),
(333, 'Darmenton', 'Hervé', 'Achdé', NULL, NULL, 'France', ''),
(334, '', '', 'Aruntiwa', NULL, NULL, 'Japon', ''),
(335, 'Debarre', 'Christian', 'Bar2', NULL, NULL, 'France', ''),
(336, 'Brémaud', 'Frédéric', 'Brrémaud', NULL, NULL, 'Corée du Sud', ''),
(337, 'Salomon', 'Christophe', 'Chric', NULL, NULL, 'France', ''),
(338, 'Séron', 'Frédéric', 'Clarke ', NULL, NULL, 'Belgique', ''),
(339, 'Paty', 'Christian', 'Dzack ', '1969-03-14', NULL, 'France', ''),
(340, 'Deteindre', 'Stéphane', 'Fane', NULL, NULL, 'France', ''),
(341, 'De Luca', 'Antonio', 'Laudec ', NULL, NULL, 'Italie', ''),
(342, 'Mauricet', 'Alain', 'Mauricet ', NULL, NULL, 'Belgique', ''),
(343, 'Maezelle', 'Luc', 'Mazel ', NULL, NULL, 'Belgique', ''),
(344, 'Netch', '', 'Netch', NULL, NULL, 'Belgique', ''),
(345, 'Broca', 'Nicolas', 'Nic ', NULL, '1993-02-07', 'Belgique', ''),
(346, '', '', 'Patelin', NULL, NULL, '', 'Grand amateur de BD et de jeux vidéos il propose ses premiers gags dans le T05 de Game Over. Pour le T06 de Game Over son pseudo est en couverture.'),
(347, 'Dauvin', 'Stéphane', 'Stédo ', '1978-09-05', NULL, 'Belgique', ''),
(348, 'Raymond', 'Antoine', 'Vicq', NULL, NULL, 'Belgique', ''),
(349, 'Goossens', 'Walter', 'Walt ', NULL, NULL, 'Belgique', ''),
(350, 'Maltaite', 'Willy', 'Will', NULL, NULL, 'Belgique', ''),
(351, 'Le Pennetier', 'Yann', 'Yann', '1954-05-25', NULL, 'France', ''),
(352, 'Rémi', 'Georges', 'Hergé', '1907-05-22', '1983-03-03', 'Belgique', NULL),
(353, 'Pellejero', 'Ruben', NULL, '1952-12-20', NULL, 'Espagne', NULL),
(354, 'Weinberg', 'Olivier', NULL, NULL, NULL, '', NULL),
(355, 'Sans auteur', 'Sans auteur', NULL, NULL, NULL, '', NULL),
(356, 'Barral', 'Nicolas', NULL, '1966-12-22', NULL, 'france', 'Nicolas Barral est né le 22 décembre 1966 à Paris. Après un Baccalauréat (philosophie et maths), il étudie pendant un an les arts plastiques puis intègre l\'école d\'Angoulême où il étudie sous la houlette de Robert Gigi. Il débute sa carrière de professionnel à OK Podium en se faisant les dents sur la réalisation des pages BD. Lors d\'un concours de jeunes talents organisé par la FNAC, il est remarqué par Jean-Christophe Delpierre qui l\'intègre à l\'équipe de Fluide Glacial. C\'est avec Christophe Gibelin, rencontré lors de son séjour angoumoisin, qu\'il imagine l\'ébauche de ce qui deviendra Les Ailes de Plomb, commencé en janvier 95. Ce fan de BD, qui se souvient de sa timidité devant les auteurs en pleine dédicace, ne cache pas ses affinités pour Tardi, qui lui a fait aimer les années 50, Giraud, Durand, mais aussi Uderzo et Morris.'),
(357, 'Smulkowski', 'Scarlett', 'Scarlett', '1954-06-13', NULL, 'france', 'Scarlett, de son nom complet Scarlett Smulkowski, est une coloriste de bande dessinée. Elle a commencé sa carrière de coloriste en collaborant sur les albums du dessinateur Caza.'),
(358, 'Sedyas', 'Sergio', NULL, '1001-01-01', NULL, '', NULL),
(359, 'Pichelin', 'Marc', NULL, '1967-01-01', NULL, 'france', NULL),
(360, 'Guerse', 'Guillaume', NULL, '1971-01-01', NULL, 'france', NULL),
(361, 'Dequier', 'Bruno', NULL, '1980-09-07', NULL, 'france', 'C\'est à Bordeaux, en Gironde, que nait Bruno Dequier le 7 septembre 1980. Après l\'obtention de son baccalauréat, il devient élève de l\'École Émile Cohl de Lyon en 2000. Il suivra les enseignements d\'art graphique de cet institut pendant trois ans jusqu\'en 2003, année où il réussit le difficile concours d\'entrée à l\'école des Gobelins de Paris, dans la discipline Animation. Il est diplômé de cette école en 2006. Dès sa sortie d\'école, il est remarqué par Bibo Bergeron (réalisateur notamment du film d\'animation « Gang de requins ») qui lui propose de participer à l\'élaboration du storyboard du film « Un monstre à Paris » produit par Europacorp©. Il rejoint alors la petite équipe constituée par Bibo à Nice en 2007 et collabore étroitement à l\'élaboration du projet de ce film.'),
(362, 'Pelinq', 'Christophe', 'Scotch Arleston', '1963-08-14', NULL, 'france', 'Né le 14 août 1963 Christophe Arleston a été journaliste, rédacteur publicitaire puis auteur dramatique. C’est à la fin des années 80 qu’il se tourne résolument vers le scénario de bandes dessinées. Après des premières armes dans le magazine Circus et l’hebdomadaire Spirou, il crée de nombreuses séries dans des styles très différents : du polarhumoristique avec Léo Loden, dessiné par Serge Carrère, de la parodie historique avec Tandori, Fakir du Bengale, dessiné par Curd Ridel, et de l’aventure médiévale fantastique avec Les Maîtres Cartographes, puis LesFeux d’Askell, séries respectivement dessinées par Paul Glaudel et Jean-Louis Mourier. En 1994, il crée Lanfeust de Troy avec Didier Tarquin, série qui mêle aventure-fantasy et humour, et remporte un succès immédiat. Dans la foulée suivent Trolls de Troy avec Jean-Louis Mourier puis Le Chant d’Excalibur avec Éric Hübsch, Les Forêts d’Opale avec Philippe Pellet, Moréa avec Thierry Labrosse. Aujourd’hui la plupart des séries se poursuivent, rejointes par de nouvelles: Les Conquérants de Troy avec Ciro Tota, Élixirs avec Alberto Varanda, Les Naufragés d’Ythaq avec Adrien Floch et SinBad avec Alwett et Alary.En dépit de cet emploi du temps plus que chargé, Arleston travaille sur une nouvelle collection : Les Légendes de Troy dessinées respectivement par Nicolas Keramidas, Olivier Vatine, Éric Hérenguel et Dany. Depuis 1998, Christophe Arleston porte aussi la casquette de rédacteur en chef du Lanfeust Mag. À ce jour, Christophe Arleston est le scénariste de plusieurs séries de bandes dessinées dont la plupart sont de grands succès publics.'),
(363, 'Van Cutsen', 'William', 'Vance William', '1935-09-08', '2018-05-14', 'belgique', 'William Van Cutsen alias Vance est né en 1935 en Belgique. Il intègre les cours de l\'Académie des Beaux-Arts de Bruxelles, puis débute sa carrière dans une agence de publicité. En 1962, William Van Custen prend le pseudonyme de Vance et commence des illustrations dans le magazine Tintin. Très vite il réalisera un grand nombres d\'histoires en 4 planches. On retrouve une partie de ces récits dans C\'étaient des hommes édité chez Deligne. En 1964, il dessine sur un scénario d\'Yves Duval sa première série, Howard Flynn, histoire d\'un jeune lieutenant corsaire. En 1965, il s\'intéresse au monde du Western avec le personnage de Ringo sur un scénario de Louis Albert (alias Greg). ');

-- --------------------------------------------------------

--
-- Table structure for table `bd`
--

DROP TABLE IF EXISTS `bd`;
CREATE TABLE `bd` (
  `BdId` int(10) NOT NULL,
  `BdTitre` varchar(100) COLLATE utf8_bin NOT NULL,
  `BdIsbn` varchar(18) COLLATE utf8_bin NOT NULL,
  `BdTome` varchar(10) COLLATE utf8_bin NOT NULL,
  `BdParution` varchar(7) COLLATE utf8_bin NOT NULL,
  `BdNbPages` int(11) NOT NULL,
  `BdImage` varchar(100) COLLATE utf8_bin NOT NULL,
  `BdCouleur` varchar(25) COLLATE utf8_bin NOT NULL,
  `BdCommentaires` varchar(200) COLLATE utf8_bin NOT NULL,
  `BdFormat` varchar(60) COLLATE utf8_bin NOT NULL,
  `NumSerie` int(11) NOT NULL,
  `NumEditeur` int(11) NOT NULL
) ENGINE=InnoDB DEFAULT CHARSET=utf8 COLLATE=utf8_bin;

--
-- Dumping data for table `bd`
--

INSERT INTO `bd` (`BdId`, `BdTitre`, `BdIsbn`, `BdTome`, `BdParution`, `BdNbPages`, `BdImage`, `BdCouleur`, `BdCommentaires`, `BdFormat`, `NumSerie`, `NumEditeur`) VALUES
(1, 'Boule et Bill n°3', '2-8001-2823-2 ', '3', '07/1999', 46, '13_3', 'Couleur', '', 'normal', 13, 8),
(2, 'Boule et Bill n°5', '2-8001-2825-9', '5', '07/1999', 46, '13_5', 'Couleur', '', 'normal', 13, 8),
(3, 'Boule et Bill n°10s', '2-8001-2830-5', '10', '06/1905', 0, '13_10', 'Couleur', '', 'normal', 13, 8),
(4, 'Boule et Bill n°19x', '2-8001-2839-9', '19', '07/1999', 46, '13_19', 'Couleur', '', 'normal', 13, 8),
(5, 'Boule et Bill n°20', '2-8001-2840-2', '20', '07/1999', 46, '13_20', 'Couleur', '', 'normal', 13, 8),
(6, 'Boule et Bill n°23', '2-8001-2843-7', '23', '07/1999', 46, '13_23', 'Couleur', '', 'normal', 13, 8),
(7, 'Boule et Bill n°24', '2-8001-2844-5 ', '24', '07/1999', 44, '13_24', 'Couleur', '', 'normal', 13, 8),
(8, 'Faut Rigoler', '2-87129-063-6 ', '26', '03/1991', 44, '13_26', 'Couleur', '', 'normal', 13, 6),
(9, 'Bwouf Allo Bill?', '2-87129-090-3 ', '27', '12/1995', 44, '13_27', 'Couleur', '', 'normal', 13, 6),
(10, 'Quel Cirque', '2-87129-582-4', '29', '10/2003', 44, '13_29', 'Couleur', '', 'normal', 13, 6),
(11, 'La bande à Bill', '2-87129-853-X', '30', '05/2005', 44, '13_30', 'Couleur', '', 'normal', 13, 6),
(12, 'Les taxis rouges', '2-8001-0025-7', '1', '01/1962', 54, '9_1', 'Couleur', '', 'normal', 9, 14),
(13, 'Madame adolphine', '2-8001-0026-5', '2', '01/1965', 0, '9_2', 'Couleur', '', 'normal', 9, 14),
(14, 'Tonton Placide', '2-8001-0028-1', '4', '01/1968', 60, '9_4', 'Couleur', '', 'normal', 9, 14),
(15, 'Le cirque Bodoni', '2-8001-0029-X', '5', '01/1969', 0, '9_5', 'Couleur', '', 'normal', 9, 14),
(16, 'Cubitus du meilleur tonneau', '2-205-01227-4', '1', '02/1978', 46, '22_1', 'Couleur', '', 'normal', 22, 14),
(17, 'Cubitus illustre ses anctres', '2-8036-0294-6', '2', '09/1977', 46, '22_2', 'Couleur', '', 'normal', 22, 14),
(18, 'Un oscar pour cubitus', '2-8036-0291-1', '3', '01/1978', 46, '22_3', 'Couleur', '', 'normal', 22, 14),
(19, 'La corrida des Hippopotames casqués', '2-8036-0292-X', '4', '01/1979', 46, '22_4', 'Couleur', '', 'normal', 22, 14),
(20, 'Cubitus, pour les intimes', '2-8036-0295-4', '5', '01/1980', 46, '22_5', 'Couleur', '', 'normal', 22, 14),
(21, 'Heureux qui comme cubitus', '2-266-04917-8', '6', '01/1981', 46, '22_6', 'Couleur', '', 'normal', 22, 14),
(22, 'Raconte-moi Cubitus', '2-8036-0006-4', '7', '01/1982', 46, '22_7', 'Couleur', '', 'normal', 22, 14),
(23, 'Tu le fais exprès, ou quoi ?', '2-8036-0390-X', '8', '03/1983', 46, '22_8', 'Couleur', '', 'normal', 22, 14),
(24, 'L\'ami ne fait pas le moine', '2-8036-0437-X', '9', '02/1984', 46, '22_9', 'Couleur', '', 'normal', 22, 14),
(25, 'Cubitus et la boite qui parle', '2-8036-0459-0', '10', '09/1984', 46, '22_10', 'Couleur', '', 'normal', 22, 14),
(26, 'Chien sans soucis', '2-8036-0491-4', '11', '04/1985', 46, '22_11', 'Couleur', '', 'normal', 22, 14),
(27, 'Tu nous fais marcher', '2-8036-0520-1', '12', '11/1985', 46, '22_12', 'Couleur', '', 'normal', 22, 14),
(28, 'Chien fidle', '2-8036-0555-4', '13', '03/1986', 46, '22_13', 'Couleur', '', 'normal', 22, 14),
(29, 'Pas de Salades', '2-8036-0578-3', '14', '07/1986', 46, '22_14', 'Couleur', '', 'normal', 22, 14),
(30, 'Est-ce bien sérieux ?', '2-8036-0607-0', '15', '03/1987', 46, '22_15', 'Couleur', '', 'normal', 22, 14),
(31, 'Alerte au Pédalosaure', '2-8036-0626-7', '16', '07/1987', 46, '22_16', 'Couleur', '', 'normal', 22, 14),
(32, 'La menace Krostons', '', '0', '01/1972', 44, '37_0', 'Couleur', '', 'normal', 37, 8),
(33, 'Balade pour un Kroston', '2-8001-0461-9', '1', '01/1975', 44, '37_1', 'Couleur', '', 'normal', 37, 8),
(34, 'La maison des mutants', '2-8001-0625-5', '2', '01/1979', 44, '37_2', 'Couleur', '', 'normal', 37, 8),
(35, 'La vie de château', '2-8001-0890-8', '3', '04/1982', 44, '37_3', 'Couleur', '', 'normal', 37, 8),
(36, 'L\'héritier', '2-8001-1028-7', '4', '09/1984', 44, '37_4', 'Couleur', '', 'normal', 37, 8),
(37, '24 heures sur 24', '2-8001-0754-5', '1', '04/1981', 44, '3_1', 'Couleur', '', 'normal', 3, 8),
(38, 'Agent Trouble', '2-8001-1616-1', '10', '10/1988', 44, '3_10', 'Couleur', '', 'normal', 3, 8),
(39, 'sifflez dans le ballon', '2-8001-1676-5', '11', '11/1989', 46, '3_11', 'Couleur', '', 'normal', 3, 8),
(40, 'Ris, ö Poulet', '2-8001-1768-0', '12', '07/1990', 46, '3_12', 'Couleur', '', 'normal', 3, 8),
(41, 'Un flic Flanche', '2-8001-1868-7', '13', '11/1991', 47, '3_13', 'Couleur', '', 'normal', 3, 8),
(42, 'Saute de Poulet', '2-8001-1941-1', '14', '08/1992', 45, '3_14', 'Couleur', '', 'normal', 3, 8),
(43, 'L\'appeau de l\'ours', '2-8001-2036-3', '15', '08/1993', 46, '3_15', 'Couleur', '', 'normal', 3, 8),
(44, 'Flic Aïe !', '2-8001-2123-8', '16', '10/1994', 44, '3_16', 'Couleur', '', 'normal', 3, 8),
(45, 'Poulet sans selle', '2-8001-2224-2', '17', '11/1995', 46, '3_17', 'Couleur', '', 'normal', 3, 8),
(46, 'Poulet rôti', '2-8001-2341-9', '18', '11/1996', 47, '3_18', 'Couleur', '', 'normal', 3, 8),
(47, 'Cuisse de Poulet', '2-8001-2462-8', '19', '11/1997', 44, '3_19', 'Couleur', '', 'normal', 3, 8),
(48, 'Au nom de la loi', '2-8001-0914-9', '2', '04/1988', 46, '3_2', 'Couleur', '', 'normal', 3, 8),
(49, 'Chair de Poule', '2-8001-2650-1', '20', '03/1999', 46, '3_20', 'Couleur', '', 'normal', 3, 8),
(50, 'Ailes de Poulet', '2-8001-2786-4', '21', '06/2000', 44, '3_21', 'Couleur', '', 'normal', 3, 8),
(51, 'Brigade des eaux', '2-8001-3096-2', '22', '11/2001', 44, '3_22', 'Couleur', '', 'normal', 3, 8),
(52, 'Poulet en gelée', '2-8001-3261-2', '23', '02/2003', 44, '3_23', 'Couleur', '', 'normal', 3, 8),
(53, 'Agent de poche', '2-8001-3610-3', '24', '10/2004', 44, '3_24', 'Couleur', 'De la bonne volonté à revendre mais une malchance chronique. Voilà bien comment définir au mieux l\'Agent 212, simple membre des forces de l\'ordre et gaffeur au possible. Cela fait maintenant 24 tomes ', 'normal', 3, 8),
(54, 'L\'agent prend la pose', '2-8001-3696-0', '25', '04/2006', 44, '3_25', 'Couleur', '', 'normal', 3, 8),
(55, 'A l\'eau police', '978-2-8001-3918-0', '26', '10/2007', 44, '3_26', 'Couleur', '', 'normal', 3, 8),
(56, 'Sens Interdit', '2-8001-0970-X', '3', '07/1982', 44, '3_3', 'Couleur', '', 'normal', 3, 8),
(57, 'Voie sans issues', '2-8001-1015-5', '4', '04/1983', 44, '3_4', 'Couleur', '', 'normal', 3, 8),
(58, 'Poulet aux amendes', '2-8001-1126-7', '5', '06/1984', 44, '3_5', 'Couleur', '', 'normal', 3, 8),
(59, 'Ronde de nuit', '2-8001-1259-X', '6', '05/1985', 44, '3_6', 'Couleur', '', 'normal', 3, 8),
(60, 'Un flic à l\'ombre', '2-8001-1438-X', '7', '06/1986', 44, '3_7', 'Couleur', '', 'normal', 3, 8),
(61, 'Pas de panique', '2-8001-1537-8', '8', '03/1987', 44, '3_8', 'Couleur', '', 'normal', 3, 8),
(62, 'Brigade Mobile', '2-8001-1582-3', '9', '03/1988', 44, '3_9', 'Couleur', '', 'normal', 3, 8),
(63, 'Interro surprise', '2-912715-12-1', '1', '06/2000', 44, '56_1', 'Couleur', '', 'normal', 56, 4),
(64, 'Loto et colles', '2-912715-24-5', '2', '06/2001', 44, '56_2', 'Couleur', '', 'normal', 56, 4),
(65, 'Tohu-bahut', '2-912715-32-6', '3', '11/2001', 44, '56_3', 'Couleur', '', 'normal', 56, 4),
(66, 'Rentrée des artistes', '2-912715-51-2', '4', '08/2002', 44, '56_4', 'Couleur', '', 'normal', 56, 4),
(67, 'Chute des cours', '2-912715-90-3', '5', '08/2003', 44, '56_5', 'Couleur', '', 'normal', 56, 4),
(68, 'Classe touriste', '2-915309-15-9', '6', '08/2004', 44, '56_6', 'Couleur', '', 'normal', 56, 4),
(69, 'Mise en examen', '2-915309-70-1', '7', '03/2005', 44, '56_7', 'Couleur', '', 'normal', 56, 4),
(70, 'Fentre sur cours', '2-915309-71-X', '8', '09/2005', 44, '56_8', 'Couleur', 'C Õest déjà la rentrée, et comme Ducobu, les Profs reprennent du service. Et là aussi, cÕest un poids lourd de lÕédition qui débarque, avec ses 200 000 exemplaires qui vont lÕinstaller tranquillement ', 'normal', 56, 4),
(71, 'Rythme scolaire', '2-350-78119-4', '9', '09/2006', 44, '56_9', 'Couleur', '', 'normal', 56, 4),
(72, 'Motivation 10 / 10', '978-2-350-78296-6', '10', '08/2007', 44, '56_10', 'Couleur', '', 'normal', 56, 4),
(73, 'Dis Bonjour à la Dame !', '2-8001-1727-3', '1', '09/1987', 24, '54_1', 'Couleur', '', 'normal', 54, 8),
(74, 'Tu veux mon doigt ?', '2-8001-1837-7', '2', '03/1990', 45, '54_2', 'Couleur', '', 'normal', 54, 8),
(75, 'Mais qu\'est ce que tu fabrique', '2-8001-1926-8', '3', '06/1992', 45, '54_3', 'Couleur', '', 'normal', 54, 8),
(76, 'C\'est pour ton bien', '2-8001-2007-X', '4', '01/1994', 45, '54_4', 'Couleur', '', 'normal', 54, 8),
(77, 'Merci qui ?', '2-8001-2120-3', '5', '07/1994', 45, '54_5', 'Couleur', '', 'normal', 54, 8),
(78, 'N\'oublie pas ta capuche', '2-8001-2211-0', '6', '07/1996', 45, '54_6', 'Couleur', '', 'normal', 54, 8),
(79, 'Demande à ton pre', '2-8001-2461-X', '7', '11/1997', 45, '54_7', 'Couleur', '', 'normal', 54, 8),
(80, 'T\'as qu\'a t\'retenir', '2-8001-2767-8', '8', '05/1999', 45, '54_8', 'Couleur', '', 'normal', 54, 8),
(81, 'C\'est pas de ton âge !', '2-8001-2961-1', '9', '06/2000', 45, '54_9', 'Couleur', '', 'normal', 54, 8),
(82, 'Tu comprendras quand tu seras grand', '2-8001-3113-6', '10', '11/2001', 45, '54_10', 'Couleur', '', 'normal', 54, 8),
(83, 'Tu ne s\'ras jamais grand', '2-8001-3292-2', '11', '06/2003', 44, '54_11', 'Couleur', '', 'normal', 54, 8),
(84, 'C\'est du joli !', '2-8001-3362-7', '12', '11/2005', 44, '54_12', 'Couleur', '', 'normal', 54, 8),
(85, 'Fais de beaux rêves', '978-2-8001-3859-6', '13', '09/2007', 44, '54_13', 'Couleur', '', 'normal', 54, 8),
(86, 'Il y a un sorcier à Champignac', '2-8001-0004-4', '2', '01/1951', 60, '64_2', 'Couleur', '', 'normal', 64, 8),
(87, 'Les chapeaux noirs', '2-8001-0005-2', '3', '01/1952', 60, '64_3', 'Couleur', '', 'normal', 64, 8),
(88, 'Spirou et les héritiers', '2-8001-0006-0', '4', '01/1952', 60, '64_4', 'Couleur', '', 'normal', 64, 8),
(89, 'Le dictateur et les champignons', '2-8001-0009-5', '7', '01/1956', 60, '64_7', 'Couleur', '', 'normal', 64, 8),
(90, 'Le voyageur du mézosoïque   ', '2-8001-0015-X', '13', '01/1960', 61, '64_13', 'Couleur', '', 'normal', 64, 8),
(91, 'Le prisonnier du Bouddha   ', '2-8001-0016-8', '14', '01/1960', 61, '64_14', 'Couleur', '', 'normal', 64, 8),
(92, 'Z comme Zorglub   ', '2-8001-0017-6', '15', '01/1961', 61, '64_15', 'Couleur', '', 'normal', 64, 8),
(93, 'Du glucose pour Noémie   ', '2-8001-0023-0', '21', '01/1971', 44, '64_21', 'Couleur', '', 'normal', 64, 8),
(94, 'Du cidre pour les étoiles', '2-8001-0462-7', '26', '01/1975', 44, '64_26', 'Couleur', '', 'normal', 64, 8),
(95, 'Kodo le tyran', '2-8001-0644-1', '28', '04/1979', 44, '64_28', 'Couleur', '', 'normal', 64, 8),
(96, 'Des haricots partout', '2-8001-0700-6', '29', '07/1980', 44, '64_29', 'Couleur', '', 'normal', 64, 8),
(97, 'La ceinture du grand froid', '2-8001-0977-7', '30', '04/1983', 44, '64_30', 'Couleur', '', 'normal', 64, 8),
(98, 'La boite noire   ', '2-8001-0994-7', '31', '07/1983', 44, '64_31', 'Couleur', '', 'normal', 64, 8),
(99, 'Virus   ', '2-8001-1036-8', '33', '07/1984', 44, '64_33', 'Couleur', '', 'normal', 64, 8),
(100, 'Aventure en Australie   ', '2-8001-1078-3', '34', '01/1985', 44, '64_34', 'Couleur', '', 'normal', 64, 8),
(101, 'Qui arrtera Cyanure   ', '2-8001-1136-4', '35', '07/1985', 44, '64_35', 'Couleur', '', 'normal', 64, 8),
(102, 'La vallée des bannis   ', '2-8001-1704-4', '41', '11/1989', 44, '64_41', 'Couleur', '', 'normal', 64, 8),
(103, 'Le rayon noir   ', '2-8001-1960-8', '44', '04/1993', 44, '64_44', 'Couleur', '', 'normal', 64, 8),
(104, 'Paris sous Seine  ', '2-8001-2947-6', '47', '09/2004', 44, '64_47', 'Couleur', '', 'normal', 64, 8),
(105, 'La frontire de la vie', '2-8001-0546-1', '7', '07/1977', 44, '71_7', 'Couleur', '', 'normal', 71, 8),
(106, 'Les titans', '2-8001-0592-5', '8', '07/1978', 44, '71_8', 'Couleur', '', 'normal', 71, 8),
(107, 'La fille du vent', '2-8001-0633-6', '9', '01/1979', 44, '71_9', 'Couleur', '', 'normal', 71, 8),
(108, 'La spirale du temps', '2-8001-0744-8', '11', '01/1981', 44, '71_11', 'Couleur', '', 'normal', 71, 8),
(109, 'L\'or du Rhin', '2-8001-1999-3', '19', '03/1993', 44, '71_19', 'Couleur', '', 'normal', 71, 8),
(110, 'La pagode des brumes', '2-8001-2948-4', '23', '08/2001', 44, '71_23', 'Couleur', '', 'normal', 71, 8),
(111, 'Le septime code ', '2-8001-3358-9', '24', '10/2005', 45, '71_24', 'Couleur', '', 'normal', 71, 8),
(112, 'Les V\'la', '978-2-5050-0659-6', '25', '08/2005', 48, '13_25', 'Couleur', '', 'normal', 13, 6),
(113, 'Les quatres saisons', '978-2-5050-0656-5', '28', '07/2009', 46, '13_28', 'Couleur', '', 'normal', 13, 6),
(114, 'Graines de cocker', '978-2-5050-0049-5', '31', '03/2007', 46, '13_31', 'Couleur', '', 'normal', 13, 6),
(115, 'Mon meilleur ami', '978-2-5050-0543-8', '32', '09/2009', 46, '13_32', 'Couleur', '', 'normal', 13, 6),
(116, 'A l\'abordage!!', '978-2-5050-0918-4', '33', '06/2011', 46, '13_33', 'Couleur', '', 'normal', 13, 6),
(117, 'l\'école d\'abracadabra', '2-205-04009-X', '1', '02/1991', 44, '1_1', 'Couleur', '', 'normal', 1, 6),
(118, 'plongeons et dragons', '2-205-04042-1', '2', '07/1991', 46, '1_2', 'Couleur', '', 'normal', 1, 6),
(119, 'des balais rosses', '2-205-04089-8', '3', '02/1992', 0, '1_3', 'Couleur', '', 'normal', 1, 6),
(120, 'c\'est pas sorcier !', '2-205-04181-9', '4', '02/1993', 0, '1_4', 'Couleur', '', 'normal', 1, 6),
(121, 'sabbat comme vous voulez ?', '2-205-04486-9', '5', '12/1995', 46, '1_5', 'Couleur', '', 'normal', 1, 6),
(122, 'le philtre a gaffé', '2-208-04591-2', '6', '12/1996', 46, '1_6', 'Couleur', '', 'normal', 1, 6),
(123, 'déconfiture au chaudron !', '2-205-04614-4', '7', '10/1997', 46, '1_7', 'Couleur', '', 'normal', 1, 6),
(124, 'des plaies et des carabosses', '2-205-04760-4', '8', '12/1998', 46, '1_8', 'Couleur', '', 'normal', 1, 6),
(125, 'les six trouilles d\'Hallowen', '2-205-04878-3', '9', '11/1999', 46, '1_9', 'Couleur', '', 'normal', 1, 6),
(126, 'déboires d\'amulettes', '2-205-05054-0', '10', '11/2000', 46, '1_10', 'Couleur', '', 'normal', 1, 6),
(127, 'Cerveau choc', '2-205-00173-6', '1', '01/1966', 44, '2_1', 'Couleur', '', 'normal', 2, 6),
(128, 'Achille Talon aggrave son cas', '2-205-00225-2', '2', '07/1967', 44, '2_2', 'Couleur', '', 'normal', 2, 6),
(129, 'Achille Talon persiste et signe', '2-205-00373-9', '3', '07/1969', 44, '2_3', 'Couleur', '', 'normal', 2, 6),
(130, 'Achille Talon mon fils à moi !', '2-205-00505-7', '4', '07/1970', 44, '2_4', 'Couleur', '', 'normal', 2, 6),
(131, 'Achille Talon l\'indispensable', '2-205-00584-7', '5', '10/1971', 45, '2_5', 'Couleur', '', 'normal', 2, 6),
(132, 'Achille Talon au pouvoir', '2-205-00641-X', '6', '07/1972', 45, '2_6', 'Couleur', '', 'normal', 2, 6),
(133, 'Achille Talon les insolences', '2-205-00656-8', '7', '01/1973', 46, '2_7', 'Couleur', '', 'normal', 2, 6),
(134, 'Achille Talon méprise l\'obstacle', '2-205-00697-5', '8', '10/1973', 45, '2_8', 'Couleur', '', 'normal', 2, 6),
(135, 'Achille Talon les petites desseins', '2-205-00753-X', '9', '01/1974', 45, '2_9', 'Couleur', '', 'normal', 2, 6),
(136, 'Achille Talon le roi de la science-dicti', '2-205-00831-5', '10', '07/1974', 45, '2_10', 'Couleur', '', 'normal', 2, 6),
(137, 'Achille Talon brave et honnte', '2-205-00863-3', '11', '01/1975', 45, '2_11', 'Couleur', '', 'normal', 2, 6),
(138, 'Achille Talon au coin du feu', '2-205-00904-4', '12', '04/1975', 45, '2_12', 'Couleur', '', 'normal', 2, 6),
(139, 'Pas de pitié pour Achille Talon', '2-205-00878-1', '13', '01/1976', 45, '2_13', 'Couleur', '', 'normal', 2, 6),
(140, 'Achille Talon et le mystre de l\'homme à', '2-205-01024-7', '14', '01/1976', 45, '2_14', 'Couleur', '', 'normal', 2, 6),
(141, 'Achille Talon et le quadrumane optimiste', '2-205-01033-6', '15', '10/1976', 45, '2_15', 'Couleur', '', 'normal', 2, 6),
(142, 'Achille Talon et le trésor de Virgule', '2-205-01040-9', '16', '01/1977', 45, '2_16', 'Couleur', '', 'normal', 2, 6),
(143, 'Le Roi des Zêtres', '2-205-01132-4', '17', '04/1977', 45, '2_17', 'Couleur', '', 'normal', 2, 6),
(144, 'Achille Talon et le coquin de sort', '2-205-01143-X', '18', '07/1977', 45, '2_18', 'Couleur', '', 'normal', 2, 6),
(145, 'Achille Talon et le grain de la folie', '2-205-01191-X', '19', '01/1978', 46, '2_19', 'Couleur', '', 'normal', 2, 6),
(146, 'Viva Papa !', '2-205-01195-2', '20', '04/1978', 46, '2_20', 'Couleur', '', 'normal', 2, 6),
(147, 'Ma vie à moi', '2-205-01235-5', '21', '10/1978', 46, '2_21', 'Couleur', '', 'normal', 2, 6),
(148, 'Le Sort s\'acharne sur Achille Talon ', '2-205-01488-9', '22', '01/1979', 46, '2_22', 'Couleur', '', 'normal', 2, 6),
(149, 'Achille Talon et la main du serpent', '2-205-01573-7', '23', '07/1979', 45, '2_23', 'Couleur', '', 'normal', 2, 6),
(150, 'Achille Talon et l\'âge ingrat', '2-205-01675-X', '24', '01/1980', 45, '2_24', 'Couleur', '', 'normal', 2, 6),
(151, 'Achille Talon et l\'esprit d\'Eloi', '2-205-01701-2', '25', '04/1980', 45, '2_25', 'Couleur', '', 'normal', 2, 6),
(152, 'Achille Talon et l\'arme du crocodile', '2-205-01710-1', '26', '10/1980', 45, '2_26', 'Couleur', '', 'normal', 2, 6),
(153, 'Ne rvons pas !', '2-205-01818-3', '27', '01/1981', 45, '2_27', 'Couleur', '', 'normal', 2, 6),
(154, 'L\'Insubmersible Achille Talon', '2-205-01903-1', '28', '04/1981', 45, '2_28', 'Couleur', '', 'normal', 2, 6),
(155, 'Achille Talon et la loi du bidouble', '2-205-01924-4', '29', '10/1981', 45, '2_29', 'Couleur', '', 'normal', 2, 6),
(156, 'Achille Talon a un gros nez', '2-205-02189-3', '30', '03/1982', 45, '2_30', 'Couleur', '', 'normal', 2, 6),
(157, 'Il n\'y a (dieu merci) qu\'un seul Achille', '2-205-02231-8', '31', '05/1982', 45, '2_31', 'Couleur', '', 'normal', 2, 6),
(158, 'Achille Talon et la traversée du disert ', '2-205-02251-2', '32', '11/1982', 45, '2_32', 'Couleur', '', 'normal', 2, 6),
(159, 'Achille Talon et la vie secrte du journ', '2-205-02431-0', '33', '02/1983', 45, '2_33', 'Couleur', '', 'normal', 2, 6),
(160, 'L\'Incorrigible Achille Talon ', '2-205-02512-0', '34', '11/1983', 45, '2_34', 'Couleur', '', 'normal', 2, 6),
(161, 'Achille Talon ... à bout portant! ', '2-205-02566-X', '35', '06/1984', 45, '2_35', 'Couleur', '', 'normal', 2, 6),
(162, 'Achille Talon n\'a pas tout dit... ', '2-205-02679-8', '36', '08/1984', 45, '2_36', 'Couleur', '', 'normal', 2, 6),
(163, 'Achille Talon et l\'archipel de Sanzunron', '2-205-03131-7', '37', '09/1985', 45, '2_37', 'Couleur', '', 'normal', 2, 6),
(164, 'Achille Talon contre docteur Chacal et M', '2-205-03042-6', '38', '09/1987', 46, '2_38', 'Couleur', '', 'normal', 2, 6),
(166, 'Talon (Achille, pour les dames) ', '2-205-03867-2', '39', '10/1989', 46, '2_39', 'Couleur', '', 'normal', 2, 6),
(167, 'Achille Talon et l\'appeau d\'Ephse', '2-205-03964-4', '41', '01/1991', 46, '2_41', 'Couleur', '', 'normal', 2, 6),
(168, 'Le Musée Achille Talon ', '2-205-04582-2', '42', '10/1996', 46, '2_42', 'Couleur', '', 'normal', 2, 6),
(169, 'Achille Talon a la main verte ', '2-205-04847-3', '43', '11/1998', 46, '2_43', 'Couleur', '', 'normal', 2, 6),
(170, 'Tout va bien ! ', '2-205-04914-3', '44', '09/2000', 46, '2_44', 'Couleur', '', 'normal', 2, 6),
(171, 'Maître est Talon', '2-205-05126-1', '45', '02/2001', 46, '2_45', 'Couleur', '', 'normal', 2, 6),
(172, 'Grand Vizir Iznogoud', '978-2-205-04055-5', '1', '01/1966', 48, '33_1', 'Couleur', '', 'normal', 33, 6),
(173, 'Les Complots d\'Iznogoud', '2-205-00228-7', '2', '07/1967', 48, '33_2', 'Couleur', '', 'normal', 33, 6),
(174, 'Iznogoud et les vacances du Calife', '2-205-00306-2', '3', '07/1968', 48, '33_3', 'Couleur', '', 'normal', 33, 6),
(175, 'Iznogoud l\'infâme', '2-205-00374-7', '4', '04/1969', 46, '33_4', 'Couleur', '', 'normal', 33, 6),
(176, 'Des astres pour Iznogoud', '2-205-00417-4', '5', '10/1969', 40, '33_5', 'Couleur', '', 'normal', 33, 6),
(177, 'Iznogoud et l\'ordinateur magique', '2-205-00502-2', '6', '10/1970', 40, '33_6', 'Couleur', '', 'normal', 33, 6),
(178, 'Une Carotte pour Iznogoud', '2-205-00583-9', '7', '10/1971', 40, '33_7', 'Couleur', '', 'normal', 33, 6),
(179, 'Jour des fous', '2-205-00645-2', '8', '07/1972', 44, '33_8', 'Couleur', '', 'normal', 33, 6),
(180, 'Bon millénaire m\'sieur Luberlu !', '2-205-04973-9', '1', '05/2001', 48, '51_1', 'Couleur', '', 'normal', 51, 6),
(181, 'Babybug', '2-205-05193-8', '2', '01/2002', 46, '51_2', 'Couleur', '', 'normal', 51, 6),
(182, 'Petits frissons d\'Halloween', '2-205-05333-7', '3', '10/2002', 46, '51_3', 'Couleur', '', 'normal', 51, 6),
(183, 'Diamant Soleil (Le)', '2-205-05444-9', '4', '07/2003', 46, '51_4', 'Couleur', '', 'normal', 51, 6),
(184, 'Ernest le héros', '2-205-05534-8', '5', '11/2004', 46, '51_5', 'Couleur', '', 'normal', 51, 6),
(185, 'Pas de Panique !', '2-205-05653-0', '6', '02/2006', 46, '51_6', 'Couleur', '', 'normal', 51, 6),
(186, 'Prélude à l\'apeupréhistoire..', '2-88257-012-0', '1', '11/1991', 47, '52_1', 'Couleur', '', 'normal', 52, 6),
(187, 'Chroniques de l\'apeupréhistoire...', '2-88257-017-1', '2', '05/1992', 47, '52_2', 'Couleur', '', 'normal', 52, 6),
(188, 'Du rififi chez les sauriens', '2-88257-020-1', '3', '04/1993', 47, '52_3', 'Couleur', '', 'normal', 52, 6),
(189, 'Humo Sapiens', '2-88257-023-6', '4', '04/1994', 0, '52_4', 'Couleur', '', 'normal', 52, 6),
(190, 'Commando reptile saurien', '2-88257-051-1', '5', '04/1995', 47, '52_5', 'Couleur', '', 'normal', 52, 6),
(191, 'Paléolithic sinfonia', '2-88257-031-7', '6', '06/1996', 47, '52_6', 'Couleur', '', 'normal', 52, 6),
(192, 'Panique à Diplodocus-land', '2-88257-037-6', '7', '04/1997', 47, '52_7', 'Couleur', '', 'normal', 52, 6),
(193, 'Ramdam sur le rift', '2-88257-042-2', '8', '09/1999', 47, '52_8', 'Couleur', '', 'normal', 52, 6),
(194, 'Apeuprehistoric games', '2-88257-053-8', '9', '10/2000', 47, '52_9', 'Couleur', '', 'normal', 52, 6),
(195, 'Odyssée de l\'espèce (l\')', '2-88257-062-7', '10', '05/2001', 47, '52_10', 'Couleur', '', 'normal', 52, 6),
(196, 'Bienvenue dans l\'ère aglaglacière', '2-88257-065-1', '11', '05/2002', 47, '52_11', 'Couleur', '', 'normal', 52, 6),
(197, 'Zen', '2-88257-072-4', '12', '03/2005', 47, '52_12', 'Couleur', '', 'normal', 52, 6),
(198, 'Treizozoïque Blues !', '978-2-205-06653-1', '13', '06/2011', 47, '52_13', 'Couleur', '', 'normal', 52, 6),
(199, 'Carré d\'os', '978-2-88471-294-1', '20', '02/2011', 48, '57_20', 'Couleur', '', 'normal', 57, 6),
(200, 'Morts de Rire', '978-2-88471-275-0', '19', '03/2010', 46, '57_19', 'Couleur', '', 'normal', 57, 6),
(201, 'Bêtisier T8 : Chien d\'arrt', '978-2-88471-253-8', '18', '02/2009', 46, '57_18', 'Couleur', '', 'normal', 57, 6),
(202, 'Bêtisier T7 : Sur le pied de guerre', '978-2-88471-237-8', '17', '02/2008', 46, '57_17', 'Couleur', '', 'normal', 57, 6),
(203, 'Bêtisier T6 : Le no‘l de Rantanplan', '2-88471-106-6', '16', '11/2001', 46, '57_16', 'Couleur', '', 'normal', 57, 6),
(204, 'Belle et le bête', '2-88471-054-X', '15', '10/2000', 46, '57_15', 'Couleur', '', 'normal', 57, 6),
(205, 'Bêtisier T5', '2-88471-016-7', '14', '06/2000', 46, '57_14', 'Couleur', '', 'normal', 57, 6),
(206, 'Grand voyage ', '2-940144-47-8', '13', '06/1998', 46, '57_13', 'Couleur', '', 'normal', 57, 6),
(207, 'Bêtisier T4 ', '2-940144-40-0', '12', '01/1998', 46, '57_12', 'Couleur', '', 'normal', 57, 6),
(208, 'Le Chameau', '2-940144-15-X', '11', '03/1997', 46, '57_11', 'Couleur', '', 'normal', 57, 6),
(209, 'Les Cerveaux ', '2-940012-93-8', '10', '04/1996', 46, '57_10', 'Couleur', '', 'normal', 57, 6),
(210, 'Moissons De Gags !', '978-2-205-06247-2', '54', '09/2009', 48, '65_54', 'Couleur', '', 'normal', 65, 6),
(211, 'Gardien de la chaumire (Le)', '978-2-205-06248-9', '55', '02/2010', 48, '65_55', 'Couleur', '', 'normal', 65, 6),
(212, 'La Mare aux gags', '978-2-205-06638-8', '56', '03/2011', 46, '65_56', 'Couleur', '', 'normal', 65, 6),
(213, 'Remue-ménage', '978-2-205-06800-9', '57', '04/2012', 48, '65_57', 'Couleur', '', 'normal', 65, 6),
(214, 'L\'invincible', '2-7234-4577-1', '1', '04/2004', 46, '15_1', 'Couleur', '', 'normal', 15, 10),
(215, 'Le redoutable', '2-7234-4749-9', '2', '01/2005', 0, '15_2', 'Couleur', '', 'normal', 15, 10),
(216, 'L\'invulnérable', '2-7234-5488-6', '3', '10/2006', 0, '15_3', 'Couleur', '', 'normal', 15, 10),
(217, 'L\'inoxydable', '978-2-7234-6067-5', '4', '11/2007', 0, '15_4', 'Couleur', '', 'normal', 15, 10),
(218, 'L\'intrépide', '978-2-7234-6716-2', '5', '08/2011', 0, '15_5', 'Couleur', '', 'normal', 15, 10),
(219, 'Slide à mort', '2-7234-2759-5', '1', '10/1999', 46, '27_1', 'Couleur', '', 'normal', 27, 10),
(220, 'Totale éclate', '2-7234-3141-X', '2', '05/2000', 46, '27_2', 'Couleur', '', 'normal', 27, 10),
(221, 'Frime contrôle', '2-7234-3426-5', '3', '06/2001', 46, '27_3', 'Couleur', '', 'normal', 27, 10),
(222, 'Snow Révolution', '2-7234-4004-4', '4', '10/2002', 46, '27_4', 'Couleur', '', 'normal', 27, 10),
(223, 'Une vague de fraîcheur', '2-7234-4197-0', '5', '10/2003', 46, '27_5', 'Couleur', '', 'normal', 27, 10),
(224, 'Bienvenue à Gamelleland', '2-7234-4491-0', '6', '10/2004', 46, '27_6', 'Couleur', '', 'normal', 27, 10),
(225, 'Gang de pro', '2-7234-5197-6', '7', '05/2006', 46, '27_7', 'Couleur', '', 'normal', 27, 10),
(226, 'Raid d\'enfer', '978-2-7234-6076-7', '8', '01/2008', 46, '27_8', 'Couleur', '', 'normal', 27, 10),
(227, 'Surf paradise club', '978-2-7234-6613-4', '9', '10/2008', 46, '27_9', 'Couleur', '', 'normal', 27, 10),
(228, 'Fondu de snow', '978-2-7234-7165-7', '10', '09/2009', 46, '27_10', 'Couleur', '', 'normal', 27, 10),
(229, 'S\'envoie en l\'air', '978-2-7234-8296-7', '11', '09/2011', 46, '27_11', 'Couleur', '', 'normal', 27, 10),
(230, 'Journal Infime', '2-7234-4275-6', '1', '05/2004', 46, '46_1', 'Couleur', '', 'normal', 46, 10),
(231, 'Mortebouse', '2-7234-4815-0', '2', '06/2005', 46, '46_2', 'Couleur', '', 'normal', 46, 10),
(232, 'Le cimetire des autobus', '2-7234-5252-2', '3', '06/2006', 46, '46_3', 'Couleur', '', 'normal', 46, 10),
(233, 'Idylles', '978-2-7234-5869-6', '4', '11/2007', 46, '46_4', 'Couleur', '', 'normal', 46, 10),
(234, 'Laser Ninja', '978-2-7234-6788-9', '5', '11/2009', 46, '46_5', 'Couleur', 'Lou grandit, toujours plus vite. La petite fille des premiers tomes n\'est plus. La voici devenue jeune fille, avec toutes les caractéristiques de son ‰ge. C\'est le temps des premiers baisers, d\'autant', 'normal', 46, 10),
(235, 'Yéti de compagnie', '2-7234-5487-8', '1', '08/2006', 46, '30_1', 'Couleur', '', 'normal', 30, 10),
(236, 'Gare au gorille', '978-2-7234-5866-5', '2', '01/2007', 46, '30_2', 'Couleur', '', 'normal', 30, 10),
(237, 'Coeur de Géant', '978-2-7234-6007-1', '3', '04/2007', 46, '30_3', 'Couleur', '', 'normal', 30, 10),
(238, 'Un copain au poil', '978-2-7234-6302-7', '4', '04/2008', 46, '30_4', 'Couleur', '', 'normal', 30, 10),
(239, 'Soutien de famille', '978-2-7234-6900-5', '5', '04/2009', 48, '30_5', 'Couleur', '', 'normal', 30, 10),
(240, 'King Kong Foufou', '978-2-7234-7820-5', '6', '09/2010', 46, '30_6', 'Couleur', '', 'normal', 30, 10),
(241, 'Yéti Gaga', '978-2-7234-8297-4', '7', '08/2011', 46, '30_7', 'Couleur', '', 'normal', 30, 10),
(242, 'Mon Copain de l\'espace', '2-7234-2772-2', '1', '10/1999', 46, '59_1', 'Couleur', '', 'normal', 59, 10),
(243, 'Mon Copain de la Terre', '2-7234-3142-8', '2', '05/2000', 46, '59_2', 'Couleur', '', 'normal', 59, 10),
(244, 'Rigolovni', '2-7234-3423-0', '3', '09/2001', 46, '59_3', 'Couleur', '', 'normal', 59, 10),
(245, 'L\'Envahissant', '2-7234-3771-X', '4', '07/2002', 46, '59_4', 'Couleur', '', 'normal', 59, 10),
(246, 'Jamais peur', '2-7234-4144-X', '5', '06/2003', 46, '59_5', 'Couleur', '', 'normal', 59, 10),
(247, 'La grande aventure', '2-7234-4494-5', '6', '01/2006', 46, '59_6', 'Couleur', '', 'normal', 59, 10),
(248, 'Cosmik Comiks', '978-2-7234-7169-5', '7', '01/2010', 46, '59_7', 'Couleur', '', 'normal', 59, 10),
(249, 'Le continent des deux lunes', '2-8001-0474-0', '3', '11/1973', 44, '62_3', 'Couleur', '', 'normal', 62, 10),
(250, 'Le totem de l\'espace', '2-8001-0531-3', '4', '11/1974', 44, '62_4', 'Couleur', '', 'normal', 62, 10),
(251, 'Le renégat', '2-8001-0945-9', '11', '07/1982', 44, '62_11', 'Couleur', '', 'normal', 62, 10),
(252, 'Les galaxiens s\'en vont en gags', '2-8001-1603-X', '17', '06/1988', 44, '62_17', 'Couleur', '', 'normal', 62, 10),
(253, 'L\'oeuf astral', '2-8001-1825-3', '21', '05/1991', 44, '62_21', 'Couleur', '', 'normal', 62, 10),
(254, 'Les naufragés du Chastang', '2-8001-2213-7', '27', '10/1995', 44, '62_27', 'Couleur', '', 'normal', 62, 10),
(255, 'Le retour de Falzar', '2-8001-3327-9', '34', '04/2003', 44, '62_34', 'Couleur', '', 'normal', 62, 10),
(256, 'Casse-tête Olmque', '2-7234-5238-7', '36', '01/2006', 44, '62_36', 'Couleur', '', 'normal', 62, 10),
(257, 'L\'elfe des étoiles', '978-2-7234-5998-3', '38', '01/2008', 44, '62_38', 'Couleur', '', 'normal', 62, 10),
(258, 'La Clé de l\'héxagramme', '978-2-7234-6567-0', '39', '03/2009', 44, '62_39', 'Couleur', '', 'normal', 62, 10),
(259, 'Le Lauréat K22', '978-2-7234-8029-1', '41', '05/2011', 44, '62_41', 'Couleur', '', 'normal', 62, 10),
(260, 'Fauve qui peut !', '978-2-8001-4599-0', '27', '11/2009', 44, '3_27', 'Couleur', '', 'normal', 3, 8),
(261, 'Les archives de la gaffe', '978-2-8001-4581-5', '1', '11/2009', 46, '28_1', 'Couleur', '', 'normal', 28, 8),
(262, 'Gaffes à gogo', '978-2-8001-4582-2', '2', '11/2009', 46, '28_2', 'Couleur', '', 'normal', 28, 8),
(263, 'Les gaffes d\'un gars gonflé', '978-2-8001-4583-9', '3', '11/2009', 46, '28_3', 'Couleur', '', 'normal', 28, 8),
(264, 'Gala de gaffes', '978-2-8001-4584-6', '4', '11/2009', 46, '28_4', 'Couleur', '', 'normal', 28, 8),
(265, 'Le bureau des gaffes en gros', '978-2-8001-4585-3', '5', '11/2009', 46, '28_5', 'Couleur', '', 'normal', 28, 8),
(266, 'Gare aux gaffes', '978-2-8001-4586-0', '6', '11/2009', 46, '28_6', 'Couleur', '', 'normal', 28, 8),
(267, 'Des gaffes et des dégâts', '978-2-8001-4587-7', '7', '11/2009', 46, '28_7', 'Couleur', '', 'normal', 28, 8),
(268, 'Rafales de gaffes', '978-2-8001-4588-4', '8', '11/2009', 46, '28_8', 'Couleur', '', 'normal', 28, 8),
(269, 'Un gaffeur sachant gaffer', '978-2-8001-4589-1', '9', '11/2009', 46, '28_9', 'Couleur', '', 'normal', 28, 8),
(270, 'Lagaffe nous gâte', '978-2-8001-4590-7', '10', '11/2009', 46, '28_10', 'Couleur', '', 'normal', 28, 8),
(271, 'Le repos du gaffeur', '978-2-8001-4591-4', '11', '11/2009', 46, '28_11', 'Couleur', '', 'normal', 28, 8),
(272, 'Le cas Lagaffe', '978-2-8001-4592-1', '12', '11/2009', 46, '28_12', 'Couleur', '', 'normal', 28, 8),
(273, 'Le géant de la gaffe', '978-2-8001-4593-8', '13', '11/2009', 46, '28_13', 'Couleur', '', 'normal', 28, 8),
(274, 'Gaffes, bévues et boulettes', '978-2-8001-4594-5', '14', '11/2009', 46, '28_14', 'Couleur', '', 'normal', 28, 8),
(275, 'Le gang des gaffeurs', '978-2-8001-4595-2', '15', '11/2009', 46, '28_15', 'Couleur', '', 'normal', 28, 8),
(276, 'Lagaffe mérite des baffes', '978-2-8001-4596-9', '16', '11/2009', 46, '28_16', 'Couleur', '', 'normal', 28, 8),
(277, 'La saga des gaffes', '978-2-8001-4597-6', '17', '11/2009', 46, '28_17', 'Couleur', '', 'normal', 28, 8),
(278, 'Quatre aventures de Spirou et Fantasio', '2-8001-0003-6', '1', '01/1950', 60, '64_1', 'Couleur', '', 'normal', 64, 8),
(279, 'Les Voleurs du Marsupilami', '2-8001-0007-9', '5', '01/1954', 60, '64_5', 'Couleur', '', 'normal', 64, 8),
(280, 'La Corne du rhinocéros', '2-8001-0008-7', '6', '01/1955', 60, '64_6', 'Couleur', '', 'normal', 64, 8),
(281, 'La Mauvaise tête', '2-8001-0010-9', '8', '01/1956', 55, '64_8', 'Couleur', '', 'normal', 64, 8),
(282, 'Le Repaire de la murne', '2-8001-0011-7', '9', '01/1957', 60, '64_9', 'Couleur', '', 'normal', 64, 8),
(283, 'Les Pirates du silence', '2-8001-0012-5', '10', '01/1958', 60, '64_10', 'Couleur', '', 'normal', 64, 8),
(284, 'Le Gorille a bonne mine', '2-8001-0013-3', '11', '01/1959', 60, '64_11', 'Couleur', '', 'normal', 64, 8),
(285, 'Le Nid des Marsupilamis', '2-8001-0014-1', '12', '01/1960', 60, '64_12', 'Couleur', '', 'normal', 64, 8),
(286, 'L\'Ombre du Z', '2-8001-0018-4', '16', '01/1962', 60, '64_16', 'Couleur', '', 'normal', 64, 8),
(287, 'Spirou et les hommes-bulles', '2-8001-0019-2', '17', '01/1964', 60, '64_17', 'Couleur', '', 'normal', 64, 8),
(288, 'QRN sur Bretzelburg', '2-8001-0020-6', '18', '01/1966', 61, '64_18', 'Couleur', '', 'normal', 64, 8),
(289, 'Panade à Champignac', '2-8001-0021-4', '19', '01/1969', 61, '64_19', 'Couleur', '', 'normal', 64, 8),
(290, 'Le Faiseur d\'or', '2-8001-0022-2', '20', '01/1970', 61, '64_20', 'Couleur', '', 'normal', 64, 8),
(291, 'L\'Abbaye truquée', '2-8001-0024-9', '22', '01/1972', 60, '64_22', 'Couleur', '', 'normal', 64, 8),
(292, 'Tora-Torapa', '2-8001-0327-2', '23', '01/1973', 52, '64_23', 'Couleur', '', 'normal', 64, 8),
(293, 'Tembo Tabou', '2-8001-0351-5', '24', '01/1974', 44, '64_24', 'Couleur', '', 'normal', 64, 8),
(294, 'Le Gri-gri du Niokolo-koba', '2-8001-0398-1', '25', '01/1974', 44, '64_25', 'Couleur', '', 'normal', 64, 8),
(295, 'L\'Ankou', '2-8001-0553-4', '27', '07/1977', 44, '64_27', 'Couleur', '', 'normal', 64, 8),
(296, 'Les Faiseurs de silence', '2-8001-1023-6', '32', '01/1984', 44, '64_32', 'Couleur', '', 'normal', 64, 8),
(297, 'L\'Horloger de la comte', '2-8001-1264-6', '36', '01/1986', 44, '64_36', 'Couleur', '', 'normal', 64, 8),
(298, 'Le Réveil du Z', '2-8001-1386-3', '37', '09/1986', 45, '64_37', 'Couleur', '', 'normal', 64, 8),
(299, 'La Jeunesse de Spirou', '2-8001-1420-7', '38', '01/1987', 45, '64_38', 'Couleur', '', 'normal', 64, 8),
(300, 'Spirou à New York', '2-8001-1518-1', '39', '09/1987', 45, '64_39', 'Couleur', '', 'normal', 64, 8),
(301, 'La Frousse aux trousses', '2-8001-1619-6', '40', '10/1988', 45, '64_40', 'Couleur', '', 'normal', 64, 8),
(302, 'Spirou à Moscou', '2-8001-1783-4', '42', '12/1990', 45, '64_42', 'Couleur', '', 'normal', 64, 8),
(303, 'Vito la Déveine', '2-8001-1891-1', '43', '12/1991', 45, '64_43', 'Couleur', '', 'normal', 64, 8),
(304, 'Luna fatale', '2-8001-2139-4', '45', '09/1995', 45, '64_45', 'Couleur', '', 'normal', 64, 8),
(305, 'Machine qui rêve', '2-8001-2394-X', '46', '11/1998', 45, '64_46', 'Couleur', '', 'normal', 64, 8),
(306, 'L\'Homme qui ne voulait pas mourir', '2-8001-3694-4', '48', '09/2005', 54, '64_48', 'Couleur', '', 'normal', 64, 8),
(307, 'Spirou et Fantasio à Tokyo', '2-8001-3844-0', '49', '09/2006', 54, '64_49', 'Couleur', '', 'normal', 64, 8),
(308, 'Aux sources du Z', '978-2-8001-4050-6', '50', '11/2008', 54, '64_50', 'Couleur', '', 'normal', 64, 8),
(309, 'Alerte aux Zorkons', '978-2-8001-4481-8', '51', '09/2010', 54, '64_51', 'Couleur', '', 'normal', 64, 8),
(310, 'La face cachée du Z', '978-2-8001-5064-2', '52', '10/2011', 47, '64_52', 'Couleur', '', 'normal', 64, 8),
(311, 'Jeux de vilains', '2-8001-2254-4', '1', '03/1996', 44, '36_1', 'Couleur', '', 'normal', 36, 8),
(312, 'Carnage total', '2-8001-2339-7', '2', '11/1996', 44, '36_2', 'Couleur', '', 'normal', 36, 8),
(313, 'Apocalypse boy', '2-8001-2459-8', '3', '09/1997', 44, '36_3', 'Couleur', '', 'normal', 36, 8),
(314, 'Full metal casquette', '2-8001-2594-2', '4', '10/1998', 44, '36_4', 'Couleur', '', 'normal', 36, 8),
(315, 'Alien chantilly', '2-8001-2782-1', '5', '09/1999', 44, '36_5', 'Couleur', '', 'normal', 36, 8),
(316, 'Rodéo blork', '2-8001-2957-3', '6', '11/2000', 44, '36_6', 'Couleur', '', 'normal', 36, 8),
(317, 'Waterminator', '2-8001-3111-X', '7', '11/2001', 44, '36_7', 'Couleur', '', 'normal', 36, 8),
(318, 'Paddle... My name is Kid Paddle', '2-8001-3259-0', '8', '11/2002', 44, '36_8', 'Couleur', '', 'normal', 36, 8),
(319, 'Boing ! Boing ! Bunk !', '2-8001-3359-7', '9', '03/2004', 44, '36_9', 'Couleur', '', 'normal', 36, 8),
(320, 'Dark, j\'adore', '2-8001-3519-0', '10', '08/2005', 44, '36_10', 'Couleur', '', 'normal', 36, 8),
(321, 'Le retour de la momie qui pue qui tue', '978-2-8001-3949-4', '11', '10/2007', 44, '36_11', 'Couleur', '', 'normal', 36, 8),
(322, 'Sortilèges', '2-8001-2176-9', '1', '02/1995', 48, '49_1', 'Couleur', '', 'normal', 49, 8),
(323, 'Le Bal des vampires', '2-8001-2215-3', '2', '09/1995', 48, '49_2', 'Couleur', '', 'normal', 49, 8),
(324, 'Inferno', '2-8001-2319-2', '3', '06/1996', 48, '49_3', 'Couleur', '', 'normal', 49, 8),
(325, 'Histoires à lire au coin du feu', '2-8001-2447-4', '4', '05/1997', 48, '49_4', 'Couleur', '', 'normal', 49, 8),
(326, 'Philtres d\'amour', '2-8001-2588-8', '5', '05/1998', 48, '49_5', 'Couleur', '', 'normal', 49, 8),
(327, 'Farfadets et korrigans', '2-8001-2768-6', '6', '05/1999', 48, '49_6', 'Couleur', '', 'normal', 49, 8),
(328, 'Hocus pocus', '2-8001-2916-6', '7', '03/2000', 44, '49_7', 'Couleur', '', 'normal', 49, 8),
(329, 'Halloween', '2-8001-2956-5', '8', '10/2000', 44, '49_8', 'Couleur', '', 'normal', 49, 8),
(330, 'Hypnosis', '2-8001-3109-8', '9', '10/2001', 44, '49_9', 'Couleur', '', 'normal', 49, 8),
(331, 'Contes de la pleine lune', '2-8001-3258-2', '10', '10/2002', 44, '49_10', 'Couleur', '', 'normal', 49, 8),
(332, 'Mélusine à l\'école des Maléfices', '2-8001-3356-2', '11', '10/2003', 44, '49_11', 'Couleur', '', 'normal', 49, 8),
(333, 'La Belle et la bête', '2-8001-3511-5', '12', '10/2004', 44, '49_12', 'Couleur', '', 'normal', 49, 8),
(334, 'Superstitions', '2-8001-3651-0', '13', '10/2005', 44, '49_13', 'Couleur', '', 'normal', 49, 8),
(335, 'La cuisine du diable', '2-8001-3804-1', '14', '06/2006', 44, '49_14', 'Couleur', '', 'normal', 49, 8),
(336, 'L\'apprentie sorcire', '978-2-8001-3882-4', '15', '05/2007', 44, '49_15', 'Couleur', '', 'normal', 49, 8),
(337, 'Ballet enchanté', '978-2-8001-4034-6', '16', '05/2008', 44, '49_16', 'Couleur', '', 'normal', 49, 8),
(338, 'Sang pour sang', '978-2-8001-4399-6', '17', '05/2009', 46, '49_17', 'Couleur', '', 'normal', 49, 8),
(339, 'Malédiction', '978-2-8001-4692-8', '18', '05/2010', 48, '49_18', 'Couleur', '', 'normal', 49, 8),
(340, 'L\'élixir de jouvence', '978-2-8001-4994-3', '19', '04/2011', 48, '49_19', 'Couleur', '', 'normal', 49, 8),
(341, 'Bien fait pour toi !', '978-2-8001-4324-8', '14', '01/2009', 44, '54_14', 'Couleur', '', 'normal', 54, 8),
(342, 'Tiens-toi droit !', '978-2-8001-4707-9', '15', '11/2010', 44, '54_15', 'Couleur', '', 'normal', 54, 8),
(343, 'Le Châtiment de Basenhau', '2-8001-0095-8', '1', '01/1954', 43, '35_1', 'Couleur', '', 'normal', 35, 8),
(344, 'Le Maître de Roucybeuf', '2-8001-0096-6', '2', '01/1954', 44, '35_2', 'Couleur', '', 'normal', 35, 8),
(345, 'Le Lutin du bois aux roches', '2-8001-0097-4', '3', '01/1955', 44, '35_3', 'Couleur', '', 'normal', 35, 8),
(346, 'La Pierre de lune', '2-8001-0098-2', '4', '01/1956', 44, '35_4', 'Couleur', '', 'normal', 35, 8),
(347, 'Le Serment des vikings', '2-8001-0099-0', '5', '11/1957', 44, '35_5', 'Couleur', '', 'normal', 35, 8),
(348, 'La Source des dieux', '2-8001-0100-8', '6', '01/1958', 44, '35_6', 'Couleur', '', 'normal', 35, 8),
(349, 'La Flêche noire', '2-8001-0101-6', '7', '01/1959', 44, '35_7', 'Couleur', '', 'normal', 35, 8),
(350, 'Le Sire de Montrésor', '2-8001-0102-4', '8', '01/1960', 44, '35_8', 'Couleur', '', 'normal', 35, 8),
(351, 'La Flûte à 6 schtroumpfs', '2-8001-0103-2', '9', '01/1960', 44, '35_9', 'Couleur', '', 'normal', 35, 8),
(352, 'La Guerre des sept fontaines', '2-8001-0104-0', '10', '01/1961', 44, '35_10', 'Couleur', '', 'normal', 35, 8),
(353, 'L\'Anneau des Castellac', '2-8001-0105-9', '11', '01/1962', 46, '35_11', 'Couleur', '', 'normal', 35, 8),
(354, 'Le Pays maudit', '2-8001-0106-7', '12', '01/1964', 60, '35_12', 'Couleur', '', 'normal', 35, 8),
(355, 'Le Sortilge de Maltrochu', '2-8001-0107-5', '13', '01/1970', 60, '35_13', 'Couleur', '', 'normal', 35, 8),
(356, 'Le Trio de l\'étrange', '2-8001-0666-2', '1', '01/1972', 44, '71_1', 'Couleur', '', 'normal', 71, 8),
(357, 'L\'Orgue du diable', '2-8001-0273-X', '2', '01/1973', 44, '71_2', 'Couleur', '', 'normal', 71, 8),
(358, 'La Forge de Vulcain', '2-8001-0334-5', '3', '01/1973', 44, '71_3', 'Couleur', '', 'normal', 71, 8),
(359, 'Aventures électroniques', '2-8001-0384-1', '4', '01/1974', 44, '71_4', 'Couleur', '', 'normal', 71, 8),
(360, 'Message pour l\'éternité', '2-8001-0452-X', '5', '01/1975', 44, '71_5', 'Couleur', '', 'normal', 71, 8),
(361, 'Les Trois soleils de Vinéa', '2-8001-0499-6', '6', '01/1976', 44, '71_6', 'Couleur', '', 'normal', 71, 8),
(362, 'La Lumire d\'Ixo', '2-8001-0687-5', '10', '01/1980', 44, '71_10', 'Couleur', '', 'normal', 71, 8),
(363, 'La Proie et l\'ombre', '2-8001-0908-4', '12', '01/1982', 44, '71_12', 'Couleur', '', 'normal', 71, 8),
(364, 'Les Archanges de Vinéa', '2-8001-0971-8', '13', '04/1983', 44, '71_13', 'Couleur', '', 'normal', 71, 8),
(365, 'Le Feu de Wotan', '2-8001-1029-5', '14', '01/1984', 44, '71_14', 'Couleur', '', 'normal', 71, 8),
(366, 'Le Canon de Kra', '2-8001-1092-9', '15', '04/1985', 44, '71_15', 'Couleur', '', 'normal', 71, 8),
(367, 'Le Dragon de Hong Kong', '2-8001-1378-2', '16', '09/1986', 44, '71_16', 'Couleur', '', 'normal', 71, 8),
(368, 'Le Matin du monde', '2-8001-1585-8', '17', '09/1988', 44, '71_17', 'Couleur', '', 'normal', 71, 8),
(369, 'Les Exilés de Kifa', '2-8001-1748-6', '18', '03/1991', 44, '71_18', 'Couleur', '', 'normal', 71, 8),
(370, 'L\'Astrologue de Bruges', '2-8001-2101-7', '20', '10/1994', 44, '71_20', 'Couleur', '', 'normal', 71, 8),
(371, 'La Porte des âmes', '2-8001-2340-0', '21', '09/1996', 44, '71_21', 'Couleur', '', 'normal', 71, 8),
(372, 'La Jonque céleste', '2-8001-2587-X', '22', '09/1998', 44, '71_22', 'Couleur', '', 'normal', 71, 8),
(373, 'Le Septime Code', '978-2-8001-4775-8', '25', '11/2010', 44, '71_25', 'Couleur', '', 'normal', 71, 8),
(374, 'Premires classes', '2-8001-1636-6', '1', '02/1989', 45, '16_1', 'Couleur', '', 'normal', 16, 8),
(375, 'Classes de neige', '2-8001-1673-0', '2', '08/1989', 46, '16_2', 'Couleur', '', 'normal', 16, 8),
(376, 'Classe tous risques', '2-8001-1739-7', '3', '05/1990', 46, '16_3', 'Couleur', '', 'normal', 16, 8),
(377, 'Papa a de la classe', '2-8001-1816-4', '4', '03/1991', 46, '16_4', 'Couleur', '', 'normal', 16, 8),
(378, 'Quelle mouche le pique ?', '2-8001-1905-5', '5', '02/1992', 46, '16_5', 'Couleur', '', 'normal', 16, 8),
(379, 'Chaud et froid', '2-8001-1990-X', '6', '01/1993', 46, '16_6', 'Couleur', '', 'normal', 16, 8),
(380, 'Pépé se mouille', '2-8001-2092-4', '7', '03/1994', 46, '16_7', 'Couleur', '', 'normal', 16, 8),
(381, 'Comme sur des roulettes', '2-8001-2171-8', '8', '11/1994', 46, '16_8', 'Couleur', '', 'normal', 16, 8),
(382, 'Parasite sur canapé', '2-8001-2228-5', '9', '10/1995', 46, '16_9', 'Couleur', '', 'normal', 16, 8),
(383, 'Gâteau-surprise', '2-8001-2338-9', '10', '11/1996', 46, '16_10', 'Couleur', '', 'normal', 16, 8),
(384, 'Cygne d\'étang', '2-8001-2455-5', '11', '08/1997', 46, '16_11', 'Couleur', '', 'normal', 16, 8),
(385, 'Terrain minets', '2-8001-2596-9', '12', '08/1998', 46, '16_12', 'Couleur', '', 'normal', 16, 8),
(386, 'Papa, je veux un cheval !', '2-8001-2777-5', '13', '08/1999', 46, '16_13', 'Couleur', '', 'normal', 16, 8),
(387, 'Au pied, j\'ai dit !', '2-8001-2949-2', '14', '07/2000', 46, '16_14', 'Couleur', '', 'normal', 16, 8),
(388, 'Avis de tempte', '2-8001-3102-0', '15', '07/2001', 46, '16_15', 'Couleur', '', 'normal', 16, 8),
(389, 'O sont les freins ?', '2-8001-3247-7', '16', '04/2002', 46, '16_16', 'Couleur', '', 'normal', 16, 8),
(390, 'Qui a éteint la lumire ?', '2-8001-3262-0', '17', '11/2002', 46, '16_17', 'Couleur', '', 'normal', 16, 8),
(391, 'Enfin seuls !', '2-8001-3353-8', '18', '11/2003', 46, '16_18', 'Couleur', '', 'normal', 16, 8),
(392, 'On se calme !', '2-8001-3516-6', '19', '11/2004', 46, '16_19', 'Couleur', 'Mademoiselle Nelly, notre institutrice a eu une idée géniale : célébrer la journée internationale de la paix. A cette occasion, nous avons donc réalisé des pancartes, avec des messages de paix écrits ', 'normal', 16, 8),
(393, 'J\'ai fini !', '2-8001-3697-9', '20', '11/2005', 46, '16_20', 'Couleur', '', 'normal', 16, 8),
(394, 'On rvasse ?', '2-8001-3860-2', '21', '11/2006', 46, '16_21', 'Couleur', '', 'normal', 16, 8),
(395, 'Elle est moche !', '978-2-8001-4018-6', '22', '03/2008', 46, '16_22', 'Couleur', '', 'normal', 16, 8),
(396, 'Je veux l\'épouser !', '978-2-8001-4377-4', '23', '03/2009', 46, '16_23', 'Couleur', '', 'normal', 16, 8),
(397, 'J\'ai gagné !', '978-2-8001-4646-1', '24', '03/2010', 46, '16_24', 'Couleur', '', 'normal', 16, 8),
(398, 'Qu\'est-ce qu\'il a ?', '978-2-8001-4852-6', '25', '03/2011', 46, '16_25', 'Couleur', '', 'normal', 16, 8),
(399, 'Graine de star', '978-2-8001-5194-6', '26', '03/2012', 46, '16_26', 'Couleur', '', 'normal', 16, 8),
(400, 'Diablotin à domicile', '2-8001-3577-8', '1', '01/2002', 63, '53_1', 'Couleur', '', 'normal', 53, 8),
(401, 'Catastrophe naturelle', '2-8001-3578-6', '2', '01/2004', 45, '53_2', 'Couleur', '', 'normal', 53, 8),
(402, 'Calamité à plein temps', '2-8001-3635-9', '3', '05/2004', 45, '53_3', 'Couleur', '', 'normal', 53, 8),
(403, 'Démon de midi', '2-8001-3770-3', '4', '03/2005', 45, '53_4', 'Couleur', '', 'normal', 53, 8),
(404, 'Super casse-pieds', '2-8001-3828-2', '5', '03/2006', 45, '53_5', 'Couleur', '', 'normal', 53, 8),
(405, 'Crapule King Size', '978-2-8001-3879-4', '6', '08/2006', 45, '53_6', 'Couleur', '', 'normal', 53, 8),
(406, 'Tte à claques', '978-2-8001-4036-0', '7', '04/2007', 45, '53_7', 'Couleur', '', 'normal', 53, 8),
(407, 'Né pour nuire', '978-2-8001-4327-9', '8', '01/2008', 45, '53_8', 'Couleur', '', 'normal', 53, 8),
(408, 'Fainéant génétique', '978-2-8001-4625-6', '9', '01/2009', 45, '53_9', 'Couleur', '', 'normal', 53, 8),
(409, 'Cyclone destroy', '978-2-8001-4734-5', '10', '01/2010', 45, '53_10', 'Couleur', '', 'normal', 53, 8),
(410, 'Fléau sans frontire', '978-2-8001-5055-0', '11', '01/2011', 45, '53_11', 'Couleur', '', 'normal', 53, 8),
(411, 'Forcément coupable', '978-2-8001-5156-4', '12', '06/2011', 45, '53_12', 'Couleur', '', 'normal', 53, 8),
(412, 'Bidule', '978-2-8036-2804-9', '1', '04/2011', 44, '10_1', 'Couleur', 'Que fait Bidule, le neveu de Cubitus, lorsqu\'il ne squatte pas les planches de son tonton ? Eh bien, il est pensionnaire d\'une clinique vétérinaire, tenue par un jeune couple qui essaie tant bien que ', 'normal', 10, 14),
(413, 'Dr™le de chien!', '978-2-8036-2805-6', '2', '09/2011', 44, '10_2', 'Couleur', '', 'normal', 10, 14),
(414, 'Douze travaux de Benoît Brisefer (Les)', '2-8001-0027-3', '3', '01/1969', 60, '9_3', 'Couleur', '', 'normal', 9, 14),
(415, 'Lady d\'Olphine', '2-8001-0307-8', '6', '01/1971', 62, '9_6', 'Couleur', '', 'normal', 9, 14),
(416, 'Fétiche (Le)', '2-8001-0606-9', '7', '10/1978', 44, '9_7', 'Couleur', '', 'normal', 9, 14),
(417, 'Hold-up sur pellicule', '2-8036-1041-8', '8', '11/1993', 46, '9_8', 'Couleur', '', 'normal', 9, 14),
(418, 'Ile de la désunion (L\')', '2-8036-1570-3', '9', '05/1995', 48, '9_9', 'Couleur', '', 'normal', 9, 14),
(419, 'Route du Sud (La)', '2-8036-1242-9', '10', '06/1997', 44, '9_10', 'Couleur', '', 'normal', 9, 14),
(420, 'Secret d\'Eglantine (Le)', '2-8036-1386-7', '11', '06/1999', 44, '9_11', 'Couleur', '', 'normal', 9, 14),
(421, 'Chocolats et coups fourrés', '2-8036-1760-9', '12', '08/2002', 44, '9_12', 'Couleur', '', 'normal', 9, 14),
(422, 'John-John', '2-8036-1994-6', '13', '11/2004', 44, '9_13', 'Couleur', '', 'normal', 9, 14),
(423, 'Quand tu nous tiens', '2-8036-0678-X', '17', '04/1988', 46, '22_17', 'Couleur', '', 'normal', 22, 14),
(424, 'Tout en caressant Cubitus', '2-8036-0703-4', '18', '09/1988', 44, '22_18', 'Couleur', '', 'normal', 22, 14),
(425, 'Remets-nous a !', '2-8036-0737-9', '19', '02/1989', 44, '22_19', 'Couleur', '', 'normal', 22, 14),
(426, 'Toujours avec deux sucres', '2-8036-0759-X', '20', '09/1989', 44, '22_20', 'Couleur', '', 'normal', 22, 14),
(427, 'L\'esprit égaré', '2-8036-0785-9', '21', '11/1989', 44, '22_21', 'Couleur', '', 'normal', 22, 14),
(428, 'Les enqutes de l\'inspecteur Cubitus', '2-8036-0800-6', '22', '03/1990', 44, '22_22', 'Couleur', '', 'normal', 22, 14),
(429, 'Donne la belle papatte', '2-8036-0830-8', '23', '09/1990', 44, '22_23', 'Couleur', '', 'normal', 22, 14),
(430, 'Tout a, c\'est des histoires', '2-8036-0909-6', '24', '02/1991', 44, '22_24', 'Couleur', '', 'normal', 22, 14),
(431, 'Chien sans accroc,', '2-8036-0964-9', '25', '12/1991', 46, '22_25', 'Couleur', '', 'normal', 22, 14),
(432, 'Cubitus se met au vert', '2-8036-0992-4', '26', '05/1992', 46, '22_26', 'Couleur', '', 'normal', 22, 14),
(433, 'Chat, ch\'est du chien !', '2-8036-1008-6', '27', '11/1992', 46, '22_27', 'Couleur', '', 'normal', 22, 14),
(434, 'Copain toutes catégories', '2-8036-1036-1', '28', '06/1993', 46, '22_28', 'Couleur', '', 'normal', 22, 14),
(435, 'Cubitus fait toujours le beau', '2-8036-1051-5', '29', '10/1993', 46, '22_29', 'Couleur', '', 'normal', 22, 14),
(436, 'Au poil prs', '2-8036-1119-8', '30', '07/1994', 46, '22_30', 'Couleur', '', 'normal', 22, 14),
(437, 'Cubitus et les cumulus de Romulus', '2-8036-1092-2', '31', '12/1994', 46, '22_31', 'Couleur', '', 'normal', 22, 14),
(438, 'Mon chien quotidien', '2-8036-1139-2', '32', '05/1995', 46, '22_32', 'Couleur', '', 'normal', 22, 14),
(439, 'Un bouquet garni pour Cubitus', '2-8036-1207-0', '33', '06/1996', 46, '22_33', 'Couleur', '', 'normal', 22, 14),
(440, 'Chien indispensable', '2-8036-1251-8', '34', '05/1997', 46, '22_34', 'Couleur', '', 'normal', 22, 14),
(441, 'L\'héritage du Pastaga', '2-8036-1323-9', '35', '02/1998', 46, '22_35', 'Couleur', '', 'normal', 22, 14),
(442, 'Cubitus ne mord jamais', '2-8036-1387-5', '36', '01/1999', 46, '22_36', 'Couleur', '', 'normal', 22, 14),
(443, 'Si tous les gags du monde', '2-8036-1388-3', '37', '02/2000', 46, '22_37', 'Couleur', '', 'normal', 22, 14),
(444, 'ça n\'arrive qu\'à toi...', '2-8036-1617-3', '38', '02/2001', 46, '22_38', 'Couleur', '', 'normal', 22, 14),
(445, 'Tu te la coules douce..', '2-8036-1747-1', '39', '06/2002', 46, '22_39', 'Couleur', '', 'normal', 22, 14),
(446, 'L\'Aéroschtroumpf', '2-87345-000-2', '14', '03/1990', 42, '60_14', 'Couleur', '', 'normal', 60, 14),
(447, 'L\'étrange Réveil du Schtroumpf paresseux', '2-87345-024-X', '15', '04/1991', 42, '60_15', 'Couleur', '', 'normal', 60, 14),
(448, 'Le Schtroumpf financier', '2-8036-1017-5', '16', '11/1992', 44, '60_16', 'Couleur', '', 'normal', 60, 14),
(449, 'Le Schtroumpfeur de bijoux', '2-8036-1098-1', '17', '11/1994', 44, '60_17', 'Couleur', '', 'normal', 60, 14),
(450, 'Docteur Schtroumpf', '2-8036-1216-X', '18', '10/1996', 44, '60_18', 'Couleur', '', 'normal', 60, 14),
(451, 'Le Schtroumpf sauvage', '2-8036-1351-4', '19', '11/1998', 44, '60_19', 'Couleur', '', 'normal', 60, 14),
(452, 'La Menace schtroumpf', '2-8036-1516-9', '20', '11/2000', 44, '60_20', 'Couleur', '', 'normal', 60, 14),
(453, 'On ne schtroumpfe pas le progrs', '2-8036-1773-0', '21', '11/2002', 44, '60_21', 'Couleur', '', 'normal', 60, 14),
(454, 'Le Schtroumpf reporter', '2-8036-1900-8', '22', '11/2003', 44, '60_22', 'Couleur', '', 'normal', 60, 14);
INSERT INTO `bd` (`BdId`, `BdTitre`, `BdIsbn`, `BdTome`, `BdParution`, `BdNbPages`, `BdImage`, `BdCouleur`, `BdCommentaires`, `BdFormat`, `NumSerie`, `NumEditeur`) VALUES
(455, 'Les Schtroumpfs joueurs', '2-8036-2005-7', '23', '01/2005', 44, '60_23', 'Couleur', '', 'normal', 60, 14),
(456, 'Salade de Schtroumpfs', '2-8036-2154-1', '24', '01/2006', 44, '60_24', 'Couleur', '', 'normal', 60, 14),
(457, 'Un enfant chez les Schtroumpfs', '2-8036-2242-4', '25', '01/2007', 44, '60_25', 'Couleur', '', 'normal', 60, 14),
(458, 'Les Schtroumpfs et le Livre qui dit tout', '978-2-8036-2382-2', '26', '01/2008', 44, '60_26', 'Couleur', '', 'normal', 60, 14),
(459, 'Schtroumpf les Bains', '978-2-8036-2521-5', '27', '04/2009', 44, '60_27', 'Couleur', '', 'normal', 60, 14),
(460, 'La Grande Schtroumpfette', '978-2-8036-2648-9', '28', '04/2010', 44, '60_28', 'Couleur', '', 'normal', 60, 14),
(461, 'Les Schtroumpfs et l\'Arbre d\'or', '978-2-8036-2807-0', '29', '04/2011', 44, '60_29', 'Couleur', '', 'normal', 60, 14),
(462, 'Les Schtroumpfs de l\'ordre', '978-2-8036-3052-3', '30', '03/2012', 44, '60_30', 'Couleur', '', 'normal', 60, 14),
(463, 'Mon copain est un microbe', '978-2-8036-2394-5', '1', '05/2008', 48, '26_1', 'Couleur', '', 'normal', 26, 14),
(464, 'Sam le repoussant', '978-2-8036-2527-7', '2', '06/2009', 44, '26_2', 'Couleur', '', 'normal', 26, 14),
(465, 'Pépé Bestiole', '978-2-8036-2633-5', '3', '08/2010', 48, '26_3', 'Couleur', '', 'normal', 26, 14),
(466, 'Le pays des cailloux qui marchent', '978-2-8036-2826-1', '4', '06/2012', 48, '26_4', 'Couleur', '', 'normal', 26, 14),
(467, 'Intégrale T1 (T1 à 4)', '978-2-8036-2118-7', '1', '04/2007', 108, '32_1', 'Couleur', '', 'normal', 32, 14),
(468, 'Intégrale T2 (T5 à 8)', '978-2-8036-2119-4', '2', '09/2007', 187, '32_2', 'Couleur', '', 'normal', 32, 14),
(469, 'Intégrale T3 (T9 à 12)', '978-2-8036-2173-6', '3', '12/2007', 188, '32_3', 'Couleur', '', 'normal', 32, 14),
(470, 'Lavis des btes', '978-2-8036-3131-5', '1', '04/2012', 48, '17_1', 'Couleur', '', 'normal', 17, 14),
(471, 'Léonard est un génie', '2-205-01142-1', '1', '01/1977', 48, '39_1', 'Couleur', '', 'normal', 39, 14),
(472, 'Léonard est toujours un génie !', '2-205-01193-6', '2', '01/1978', 46, '39_2', 'Couleur', '', 'normal', 39, 14),
(473, 'Léonard c\'est un quoi déjà ?', '2-205-01448-X', '3', '10/1979', 48, '39_3', 'Couleur', '', 'normal', 39, 14),
(474, 'Léonard Hi-Fi génie', '2-205-01676-8', '4', '01/1980', 46, '39_4', 'Couleur', '', 'normal', 39, 14),
(475, 'Léonard génie à toute heure', '2-205-01906-6', '5', '10/1981', 46, '39_5', 'Couleur', '', 'normal', 39, 14),
(476, 'Génie en balade', '2-205-01743-8', '6', '01/1982', 46, '39_6', 'Couleur', '', 'normal', 39, 14),
(477, 'Y a-t-il un génie dans la salle ?', '2-205-02335-7', '7', '06/1982', 46, '39_7', 'Couleur', '', 'normal', 39, 14),
(478, 'Léonard coup de génie', '2-205-03215-1', '8', '11/1982', 46, '39_8', 'Couleur', '', 'normal', 39, 14),
(479, 'Génie civil', '2-205-02472-8', '9', '05/1983', 46, '39_9', 'Couleur', '', 'normal', 39, 14),
(480, 'La Guerre des génies', '2-205-02508-2', '10', '10/1983', 46, '39_10', 'Couleur', '', 'normal', 39, 14),
(481, 'Génie du bal', '2-205-02653-4', '11', '03/1984', 46, '39_11', 'Couleur', '', 'normal', 39, 14),
(482, 'Trait de génie', '2-205-02690-9', '12', '01/1985', 46, '39_12', 'Couleur', '', 'normal', 39, 14),
(483, 'Génie en herbe', '2-205-02914-2', '13', '01/1986', 46, '39_13', 'Couleur', '', 'normal', 39, 14),
(484, 'Le Poids du génie', '2-205-03120-1', '14', '10/1986', 48, '39_14', 'Couleur', '', 'normal', 39, 14),
(485, 'Crie,ô génie !', '2-205-03340-9', '15', '03/1987', 45, '39_15', 'Couleur', '', 'normal', 39, 14),
(486, 'Génie à revendre', '2-205-03416-2', '16', '11/1987', 48, '39_16', 'Couleur', '', 'normal', 39, 14),
(487, 'Ohé du génie !', '2-205-03608-4', '17', '11/1988', 48, '39_17', 'Couleur', '', 'normal', 39, 14),
(488, 'Génie en sous-sol', '2-205-03910-5', '18', '06/1905', 48, '39_18', 'Couleur', '', 'normal', 39, 14),
(489, 'Flagrant génie', '2-88425-000-X', '19', '01/1990', 48, '39_19', 'Couleur', '', 'normal', 39, 14),
(490, 'Ciel, mon génie !', '2-88425-001-8', '20', '06/1991', 45, '39_20', 'Couleur', '', 'normal', 39, 14),
(491, 'Un air de génie', '2-88425-002-6', '21', '04/1992', 48, '39_21', 'Couleur', '', 'normal', 39, 14),
(492, 'Cadeau de génie', '2-88425-003-4', '22', '10/1992', 48, '39_22', 'Couleur', '', 'normal', 39, 14),
(493, 'Poil au génie !', '2-88425-004-7', '23', '09/1993', 48, '39_23', 'Couleur', '', 'normal', 39, 14),
(494, 'Temps de génie', '2-88425-005-0', '24', '09/1994', 48, '39_24', 'Couleur', '', 'normal', 39, 14),
(495, 'D\'où viens-tu, génie ?', '2-88425-007-7', '25', '11/1995', 52, '39_25', 'Couleur', '', 'normal', 39, 14),
(496, 'Génie or not génie ?', '2-88425-009-3', '26', '11/1996', 52, '39_26', 'Couleur', '', 'normal', 39, 14),
(497, 'On a marché sur le génie !', '2-88425-011-5', '27', '11/1997', 48, '39_27', 'Couleur', '', 'normal', 39, 14),
(498, 'Génie toujours Prêt !', '2-88425-012-3', '28', '11/1998', 48, '39_28', 'Couleur', '', 'normal', 39, 14),
(499, 'Les bons contes font les bons génies', '2-8036-1401-4', '29', '06/1999', 48, '39_29', 'Couleur', '', 'normal', 39, 14),
(500, 'Génie du foot', '2-8036-1500-2', '30', '05/2000', 48, '39_30', 'Couleur', '', 'normal', 39, 14),
(501, 'Dodo de génie', '2-8036-1632-7', '31', '05/2001', 48, '39_31', 'Couleur', '', 'normal', 39, 14),
(502, 'Magic génie', '2-8036-1744-7', '32', '05/2002', 45, '39_32', 'Couleur', '', 'normal', 39, 14),
(503, 'Y a du génie dans l\'air !', '2-8036-1867-2', '33', '04/2003', 46, '39_33', 'Couleur', '', 'normal', 39, 14),
(504, 'Docteur Génie et Mister Aïe !', '2-8036-1983-0', '34', '04/2004', 46, '39_34', 'Couleur', '', 'normal', 39, 14),
(505, 'Le génie donne sa langue au chat', '2-8036-2062-1', '35', '03/2005', 46, '39_35', 'Couleur', '', 'normal', 39, 14),
(506, 'Le génie se gondole', '2-8036-2147-9', '36', '03/2006', 46, '39_36', 'Couleur', '', 'normal', 39, 14),
(507, 'C\'est parti, mon génie !', '978-2-8036-2251-1', '37', '03/2007', 46, '39_37', 'Couleur', '', 'normal', 39, 14),
(508, 'Y a-t-il un génie pour sauver la plante', '978-2-8036-2379-2', '38', '03/2008', 46, '39_38', 'Couleur', '', 'normal', 39, 14),
(509, 'Loué soit le génie', '978-2-8036-2507-9', '39', '03/2009', 46, '39_39', 'Couleur', '', 'normal', 39, 14),
(510, 'Trésor de génie', '978-2-8036-2683-0', '40', '03/2010', 46, '39_40', 'Couleur', '', 'normal', 39, 14),
(511, 'Génie du stop', '978-2-8036-2796-7', '41', '03/2011', 46, '39_41', 'Couleur', '', 'normal', 39, 14),
(512, 'Le génie des grandeurs', '978-2-8036-2960-2', '42', '02/2012', 46, '39_42', 'Couleur', '', 'normal', 39, 14),
(513, 'Asterix le Gaulois', '2-205-00096-9', '1', '07/1961', 44, '5_1', 'Couleur', '', 'normal', 5, 11),
(514, 'La Serpe d\'Or', '2-205-00110-8', '2', '07/1962', 42, '5_2', 'Couleur', '', 'normal', 5, 11),
(515, 'Asterix et les Goths', '2-205-00121-3', '3', '07/1963', 47, '5_3', 'Couleur', '', 'normal', 5, 11),
(516, 'Asterix Gladiateur', '2-205-00134-5', '4', '07/1964', 44, '5_4', 'Couleur', '', 'normal', 5, 11),
(517, 'Le Tour de Gaule d\'asterix', '2-205-00146-9', '5', '01/1965', 44, '5_5', 'Couleur', '', 'normal', 5, 11),
(518, 'Asterix et Cléopatre', '2-205-00157-4', '6', '07/1965', 44, '5_6', 'Couleur', '', 'normal', 5, 11),
(519, 'Le Combat des chefs', '2-205-00170-1', '7', '01/1966', 44, '5_7', 'Couleur', '', 'normal', 5, 11),
(520, 'Asterix chez les Bretons', '2-205-00185-X', '8', '07/1966', 44, '5_8', 'Couleur', '', 'normal', 5, 11),
(521, 'Asterix chez les Normands', '2-205-00190-6', '9', '10/1966', 44, '5_9', 'Couleur', '', 'normal', 5, 11),
(522, 'Asterix Legionnaire', '2-205-00230-9', '10', '07/1967', 44, '5_10', 'Couleur', '', 'normal', 5, 11),
(523, 'Le Bouclier Arverne', '2-205-00268-6', '11', '01/1968', 44, '5_11', 'Couleur', '', 'normal', 5, 11),
(524, 'Asterix aux jeux Olympiques', '2-205-00320-8', '12', '07/1968', 44, '5_12', 'Couleur', '', 'normal', 5, 11),
(525, 'Asterix et le chaudron', '2-205-00336-4', '13', '01/1969', 44, '5_13', 'Couleur', '', 'normal', 5, 11),
(526, 'Asterix en Hispanie', '2-205-00394-1', '14', '10/1969', 44, '5_14', 'Couleur', '', 'normal', 5, 11),
(527, 'La Zizanie', '2-205-00458-1', '15', '04/1970', 44, '5_15', 'Couleur', '', 'normal', 5, 11),
(528, 'Asterix chez les Helvètes', '2-205-00516-2', '16', '10/1970', 44, '5_16', 'Couleur', '', 'normal', 5, 11),
(529, 'Le Domaine des Dieux', '978-2-01-400100-6', '17', '10/1971', 44, '5_17', 'Couleur', '', 'normal', 5, 11),
(530, 'Les Lauriers de Cesar', '2-205-00600-2', '18', '01/1972', 44, '5_18', 'Couleur', '', 'normal', 5, 11),
(531, 'Le Devin', '2-205-00650-9', '19', '10/1972', 44, '5_19', 'Couleur', '', 'normal', 5, 11),
(532, 'Asterix en Corse', '2-205-00694-0', '20', '04/1973', 44, '5_20', 'Couleur', '', 'normal', 5, 11),
(533, 'Le Cadeau de Cesar', '2-205-00833-1', '21', '07/1974', 44, '5_21', 'Couleur', '', 'normal', 5, 11),
(534, 'La Grande Traversée', '2-205-00896-X', '22', '04/1975', 44, '5_22', 'Couleur', '', 'normal', 5, 11),
(535, 'Obelix et Compagnie', '2-205-00921-4', '23', '04/1976', 44, '5_23', 'Couleur', '', 'normal', 5, 11),
(536, 'Asterix Chez les Belges', '2-205-01150-2', '24', '01/1979', 44, '5_24', 'Couleur', '', 'normal', 5, 11),
(537, 'Le Grand Fossé', '2-86497-000-7', '25', '04/1980', 44, '5_25', 'Couleur', '', 'normal', 5, 1),
(538, 'L\'Odyssee d\'Asterix', '2-86497-004-X', '26', '10/1981', 44, '5_26', 'Couleur', '', 'normal', 5, 1),
(539, 'Le Fils d\'Asterix', '2-86497-011-2', '27', '10/1983', 44, '5_27', 'Couleur', '', 'normal', 5, 1),
(540, 'Asterix chez Rahazade', '2-86497-020-1', '28', '10/1987', 44, '5_28', 'Couleur', '', 'normal', 5, 1),
(541, 'La Rose et le Galive', '2-86497-053-8', '29', '10/1991', 44, '5_29', 'Couleur', '', 'normal', 5, 1),
(542, 'La Galere d\'Obelix', '2-86497-096-1', '30', '07/1996', 44, '5_30', 'Couleur', '', 'normal', 5, 1),
(543, 'Asterix et Latraviata', '2-86497-143-7', '31', '03/2001', 44, '5_31', 'Couleur', '', 'normal', 5, 1),
(544, 'Asterix la rentree Gauloise', '978-2-86497-153-5', '32', '07/2003', 44, '5_32', 'Couleur', '', 'normal', 5, 1),
(545, 'Le Ciel lui tombe sur la tete', '2-86497-170-4', '33', '10/2005', 44, '5_33', 'Couleur', '', 'normal', 5, 1),
(546, 'L\'anniversaire d\'Asterix et Obelix', '978-2-86497-230-3', '34', '10/2009', 44, '5_34', 'Couleur', '', 'normal', 5, 1),
(547, 'Panik Room', '978-2-930618-07-4', '12', '08/2011', 44, '36_12', 'Couleur', '', 'normal', 36, 16),
(548, 'Slime Project', '978-2-930618-27-2', '13', '11/2012', 44, '36_13', 'Couleur', '', 'normal', 36, 16),
(549, '813 : la double vie', '2-84565-127-9', '1', '02/2001', 46, '4_1', 'Couleur', '', 'normal', 4, 22),
(550, '813 : les trois crimes', '2-84565-128-7', '2', '02/2001', 46, '4_2', 'Couleur', '', 'normal', 4, 22),
(551, 'Victor de la brigade mobile', '2-84565-142-2', '3', '03/2001', 0, '4_3', 'Couleur', '', 'normal', 4, 22),
(552, 'Le bouchon de cristal', '2-84565-154-6', '4', '05/2001', 0, '4_4', 'Couleur', '', 'normal', 4, 22),
(553, 'L\'aiguille creuse', '2-84565-164-3', '5', '06/2001', 46, '4_5', 'Couleur', '', 'normal', 4, 22),
(554, 'La demoiselle aux yeux verts', '2-84565-205-4', '6', '05/2003', 46, '4_6', 'Couleur', '', 'normal', 4, 22),
(555, 'Permis d\'éconduire', '2-915309-57-4', '1', '10/2004', 44, '6_1', 'Couleur', '', 'normal', 6, 4),
(556, 'Conduite accompagnée', '2-915309-67-1', '2', '06/2005', 44, '6_2', 'Couleur', '', 'normal', 6, 4),
(557, 'Zéro de conduite', '2-915309-78-7', '3', '11/2005', 44, '6_3', 'Couleur', '', 'normal', 6, 4),
(558, 'Formation accélérée', '2-350-78093-7', '4', '07/2006', 44, '6_4', 'Couleur', '', 'normal', 6, 4),
(559, 'Auto et colles', '978-2-350-78628-3', '5', '06/2007', 46, '6_5', 'Couleur', '', 'normal', 6, 4),
(560, 'Leon de bonne conduite', '978-2-350-78439-7', '6', '06/2008', 44, '6_6', 'Couleur', '', 'normal', 6, 4),
(561, 'Priorité maladroite', '978-2-350-78618-6', '7', '03/2009', 46, '6_7', 'Couleur', '', 'normal', 6, 4),
(562, 'Panneau-Rama', '978-2-8189-0573-9', '8', '05/2011', 48, '6_8', 'Couleur', '', 'normal', 6, 4),
(563, 'Le démon des Caraïbes', '2-205-00097-7', '1', '07/1992', 140, '7_1', 'Couleur', '', 'normal', 7, 6),
(564, 'Le capitaine sans nom', '2-205-00109-4', '2', '12/1992', 156, '7_2', 'Couleur', '', 'normal', 7, 6),
(565, 'Le vaisseau fantôme', '2-205-00120-5', '3', '07/1993', 160, '7_3', 'Couleur', '', 'normal', 7, 6),
(566, 'La fin du faucon noir', '2-205-00135-3', '4', '06/1994', 156, '7_4', 'Couleur', '', 'normal', 7, 6),
(567, 'Le pirate sans visage', '2-205-00158-2', '5', '06/1995', 152, '7_5', 'Couleur', '', 'normal', 7, 6),
(568, 'La captive des Mores', '2-205-00188-4', '6', '07/1996', 144, '7_6', 'Couleur', '', 'normal', 7, 6),
(569, 'Les disparus du Faucon Noir', '2-205-00237-6', '7', '06/1997', 144, '7_7', 'Couleur', '', 'normal', 7, 6),
(570, 'La cité de la mort', '2-205-00271-6', '8', '07/1998', 144, '7_8', 'Couleur', '', 'normal', 7, 6),
(571, 'Les révoltés de la Jamaïque', '2-205-00375-5', '9', '06/1999', 124, '7_9', 'Couleur', '', 'normal', 7, 6),
(572, 'Pirates en mer des Indes', '2-205-00459-X', '10', '06/2000', 138, '7_10', 'Couleur', '', 'normal', 7, 6),
(573, 'La guerre des pirates', '2-205-00527-8', '11', '07/2001', 138, '7_11', 'Couleur', '', 'normal', 7, 6),
(574, 'Bonjour Bizu', '2-8001-0918-1', '0', '07/1982', 44, '11_0', 'Couleur', '', 'normal', 11, 8),
(575, 'Le signe d\'Ys', '2-215-00837-7', '1', '02/1986', 44, '11_1', 'Couleur', '', 'normal', 11, 8),
(576, 'Le fils de Fa dise', '2-215-00883-0', '2', '09/1986', 44, '11_2', 'Couleur', '', 'normal', 11, 8),
(577, 'Le chevalier potage', '2-8001-1726-5', '3', '10/1990', 44, '11_3', 'Couleur', '', 'normal', 11, 8),
(578, 'Le trio Jabadao', '2-8001-1827-X', '4', '05/1991', 44, '11_4', 'Couleur', '', 'normal', 11, 8),
(579, 'La croisière fantôme', '2-8001-1956-X', '5', '10/1992', 44, '11_5', 'Couleur', '', 'normal', 11, 8),
(580, 'La houle aux loups', '2-8001-2129-7', '6', '10/1994', 44, '11_6', 'Couleur', '', 'normal', 11, 8),
(581, 'Le secret de l\'espadon T1', '2-87097-002-1', '1', '01/1984', 54, '12_1', 'Couleur', 'La série met en scne deux héros, Sir Francis Blake, un militaire de carrire (origine RAF) mis à la disposition des services secrets britanniques de contre espionnage militaire (MI5), et son ami le p', 'normal', 12, 5),
(582, 'Le secret de l\'espadon T2', '2-87097-004-8', '2', '01/1985', 54, '12_2', 'Couleur', '', 'normal', 12, 5),
(583, 'Le secret de l\'espadon T3', '2-87097-005-6', '3', '01/1986', 48, '12_3', 'Couleur', '', 'normal', 12, 5),
(584, 'Le mystère de la grande pyramide T1', '2-87097-008-0', '4', '10/1986', 54, '12_4', 'Couleur', '', 'normal', 12, 5),
(585, 'Le mystère de la grande pyramide T2', '2-87097-009-9', '5', '04/1987', 54, '12_5', 'Couleur', '', 'normal', 12, 5),
(586, 'La marque jaune', '2-87097-010-2', '6', '01/1987', 66, '12_6', 'Couleur', '', 'normal', 12, 5),
(587, 'L\'énigme de l\'atlandide', '2-87097-013-7', '7', '01/1988', 62, '12_7', 'Couleur', '', 'normal', 12, 5),
(588, 'S.O.S météores', '2-87097-015-3', '8', '01/1989', 62, '12_8', 'Couleur', '', 'normal', 12, 5),
(589, 'Le pige diabolique', '2-87097-020-X', '9', '01/1990', 62, '12_9', 'Couleur', '', 'normal', 12, 5),
(590, 'L\'affaire du collier', '2-87097-025-0', '10', '01/1990', 0, '12_10', 'Couleur', '', 'normal', 12, 5),
(591, 'Les 3 formules du professeur Sato T1', '2-87097-016-1', '11', '01/1990', 46, '12_11', 'Couleur', '', 'normal', 12, 5),
(592, 'Les 3 formules du professeur Sato T2', '2-87097-017-X', '12', '01/1990', 46, '12_12', 'Couleur', '', 'normal', 12, 5),
(593, 'L\'affaire Francis Blake', '2-87097-043-9', '13', '01/1996', 66, '12_13', 'Couleur', '', 'normal', 12, 5),
(594, 'La machination Voronov', '2-87097-052-8', '14', '01/2000', 60, '12_14', 'Couleur', '', 'normal', 12, 5),
(595, 'L\'étrange rendez-vous', '2-87097-059-5', '15', '09/2001', 64, '12_15', 'Couleur', '', 'normal', 12, 5),
(596, 'Les sarcophages du 6e continent T1', '2-87097-066-8', '16', '11/2003', 54, '12_16', 'Couleur', '', 'normal', 12, 5),
(597, 'Les sarcophages du 6e continent T2', '2-87097-068-4', '17', '10/2004', 54, '12_17', 'Couleur', '', 'normal', 12, 5),
(598, 'Le sanctuaire du Gondwana', '978-2-87097-087-4', '18', '03/2008', 54, '12_18', 'Couleur', '', 'normal', 12, 5),
(599, 'La malédiction des trentes deniers T1', '978-2-87097-115-4', '19', '11/2009', 54, '12_19', 'Couleur', '', 'normal', 12, 5),
(600, 'La malédiction des trentes deniers T2', '978-2-87097-118-5', '20', '11/2010', 54, '12_20', 'Couleur', '', 'normal', 12, 5),
(601, 'Le serment des cinq Lords', '978-2-87097-164-2', '21', '11/2012', 62, '12_21', 'Couleur', '', 'normal', 12, 5),
(602, 'L\'onde Septimus', '978-2-87097-189-5', '22', '12/2013', 66, '12_22', 'Couleur', '', 'normal', 12, 5),
(603, 'Chaminou et le Khrompire', '', '1', '01/1965', 60, '18_1', 'Couleur', '', 'normal', 18, 8),
(604, 'L\'affaire Carotassis', '2-9502211-6-5', '2', '11/1989', 43, '18_2', 'Couleur', '', 'normal', 18, 17),
(605, 'La peur du loup', '2-908462-46-X', '3', '09/1992', 44, '18_3', 'Couleur', '', 'normal', 18, 17),
(606, 'La main verte', '2-908462-58-3', '4', '08/1993', 44, '18_4', 'Couleur', '', 'normal', 18, 17),
(607, 'Chaminou et le Khrompire', '2-908462-63-X', '5', '10/1994', 46, '18_5', 'Couleur', '', 'normal', 18, 17),
(608, 'L\'opuscule sans scrupule', '2-908462-64-8', '6', '06/1995', 46, '18_6', 'Couleur', '', 'normal', 18, 17),
(609, 'Cubitus a tout inventé !', '978-2-8036-3494-1', '10', '01/2015', 46, '22_10', 'Couleur', '', 'normal', 22, 14),
(610, 'Tome 1', '978-2-350-78214-0', '1', '02/2007', 44, '24_1', 'Couleur', '', 'normal', 24, 4),
(611, 'Tome 2 ', '978-2-350-78380-2', '2', '01/2008', 44, '24_2', 'Couleur', '', 'normal', 24, 4),
(612, 'Vert un jour, vert toujours', '978-2-930618-21-0', '1', '05/2012', 44, '31_1', 'Couleur', 'Aprs une baignade dans un lac radioactif, le pelage de Grrreeny (avec trois R) est devenu vert. Depuis cet incident, le jeune tigre est sans doute devenu un peu plus agressif à lÕégard des braconnier', 'normal', 31, 16),
(613, 'Un cadeau de la nature', '978-2-930618-45-6', '2', '06/2013', 47, '31_2', 'Couleur', '', 'normal', 31, 16),
(614, 'Habitons bio ! ', '978-2-7234-9982-8', '3', '05/2014', 43, '31_3', 'Couleur', '', 'normal', 31, 16),
(615, 'Tome 1', '2-86967-118-x', '1', '11/1997', 44, '34_1', 'Couleur', '', 'normal', 34, 25),
(616, 'Tome 2', '2-86967-247-0', '2', '10/2003', 46, '34_2', 'Couleur', '', 'normal', 34, 25),
(617, 'Tome 3', '2-86967-371-x', '3', '09/1995', 46, '34_3', 'Couleur', '', 'normal', 34, 25),
(618, 'Tome 4', '2-86967-613-1', '4', '05/2004', 46, '34_4', 'Couleur', '', 'normal', 34, 25),
(619, 'Tome 5', '2-86967-993-9', '5', '10/2003', 46, '34_5', 'Couleur', '', 'normal', 34, 25),
(620, 'Tome 6', '2-7493-0165-3', '6', '05/2004', 46, '34_6', 'Couleur', '', 'normal', 34, 25),
(621, 'Tome 7', '978-2-7493-0517-2', '7', '09/2010', 44, '34_7', 'Couleur', '', 'normal', 34, 25),
(622, 'Tome 8', '978-2-7493-0607-4', '8', '10/2014', 44, '34_8', 'Couleur', '', 'normal', 34, 25),
(623, 'Joe Bar Team Story', '2-86967-805-3', 'HS', '11/1998', 64, '34_hs', 'Couleur', '', 'normal', 34, 25),
(625, 'Tour de génie', '978-2-8036-3276-3', '44', '06/2013', 46, '39_44', 'Couleur', '', 'normal', 39, 14),
(626, 'Génie de l\'insomnie', '978-2-8036-3412-5', '45', '04/2014', 46, '39_45', 'Couleur', '', 'normal', 39, 14),
(627, 'Génie à la page', '2-8036-1958-x', '46', '07/2015', 46, '39_46', 'Couleur', '', 'normal', 39, 14),
(628, '20 ans de génie', '2-88425-006-1', 'HS1', '11/1994', 59, '39_hs1', 'Couleur', '', 'normal', 39, 3),
(629, 'Compile de Génie', '2-8036-1596-7', 'HS2', '11/2009', 120, '39_hs2', 'Couleur', '', 'normal', 39, 14),
(630, 'Maxi génie', '2-7434-1803-6', 'HS4', '12/2014', 128, '39_hs4', 'Couleur', '', 'normal', 39, 14),
(631, 'On achve bien les 2 cheveaux !', '2-912715-18-0', '1', '11/2000', 44, '40_1', 'Couleur', '', 'normal', 40, 4),
(632, 'L\'homme qui murmurait à l\'oreille des 2 cv', '2-912715-31-8', '2', '06/2001', 46, '40_2', 'Couleur', '', 'normal', 40, 4),
(633, 'Les 2 cheveaux se cachent pour mourir', '2-912715-57-1', '3', '10/2002', 46, '40_3', 'Couleur', '', 'normal', 40, 4),
(634, 'Vol au dessus d\'un nide de 2 cheveaux', '2-915309-12-4', '4', '06/2004', 44, '40_4', 'Couleur', '', 'normal', 40, 4),
(635, 'Sea, sex and deuche !', '2-350-78003-1', '5', '05/2005', 44, '40_5', 'Couleur', '', 'normal', 40, 4),
(636, 'Une 2 cheveau nommée désir', '2-350-78115-1', '6', '09/2006', 44, '40_6', 'Couleur', '', 'normal', 40, 4),
(637, '2 cheveaux sur la soupe', '978-2-350-78298-0', '7', '08/2009', 44, '40_7', 'Couleur', '', 'normal', 40, 4),
(638, 'Autant en emporte la deuche', '978-2-8189-2663-5', '8', '04/2014', 44, '40_8', 'Couleur', '', 'normal', 40, 4),
(639, 'Droit au bug', '2-350-78103-8', '1', '11/2006', 46, '41_1', 'Couleur', '', 'normal', 41, 4),
(640, 'Au boulot et que a saute', '978-2-350-78323-9', '2', '10/2008', 46, '41_2', 'Couleur', '', 'normal', 41, 4),
(641, 'Mise à jour ', '978-2-350-78471-7', '3', '10/2008', 46, '41_3', 'Couleur', '', 'normal', 41, 4),
(642, 'To Boot or not to boot ?', '978-2-350-78721-3', '4', '11/2009', 46, '41_4', 'Couleur', '', 'normal', 41, 4),
(643, 'Des gars des eaux', '2-912715-54-7', '1', '02/2003', 46, '42_1', 'Couleur', '', 'normal', 42, 4),
(644, 'Hommes au foyer', '2-912715-92-x', '2', '11/2003', 46, '42_2', 'Couleur', '', 'normal', 42, 4),
(645, 'Les feux de l\'amour', '2-915309-23-x', '3', '11/2004', 46, '42_3', 'Couleur', '', 'normal', 42, 4),
(646, 'Potes au feu', '2-915309-76-0', '4', '10/2005', 46, '42_4', 'Couleur', '', 'normal', 42, 4),
(647, 'Hommes des casernes', '2-350-78106-2', '5', '10/2006', 46, '42_5', 'Couleur', '', 'normal', 42, 4),
(648, 'Un homme et une flamme', '978-2-350-78310-9', '6', '10/2007', 46, '42_6', 'Couleur', '', 'normal', 42, 4),
(649, 'Graine de héros', '978-2-350-78398-7', '7', '04/2008', 46, '42_7', 'Couleur', '', 'normal', 42, 4),
(650, 'La ligue des sapeurs-héros', '978-2-350-78462-5', '8', '11/2008', 46, '42_8', 'Couleur', '', 'normal', 42, 4),
(651, 'Feu à volonté !', '978-2-350-78720-6', '9', '10/2009', 46, '42_9', 'Couleur', '', 'normal', 42, 4),
(652, 'Lance à incident', '978-2-8189-0037-6', '10', '10/2010', 46, '42_10', 'Couleur', '', 'normal', 42, 4),
(653, 'Flammes au volant', '978-2-8189-0708-5', '11', '11/2011', 46, '42_11', 'Couleur', '', 'normal', 42, 4),
(654, 'Pilier de barre ', '978-2-8189-2151-7', '12', '10/2012', 46, '42_12', 'Couleur', '', 'normal', 42, 4),
(655, 'Feu de tout bois', '978-2-8189-2492-1', '13', '10/2013', 46, '42_13', 'Couleur', '', 'normal', 42, 4),
(656, 'Flammes and Co', '978-2-8189-3170-7', '14', '10/2014', 46, '42_14', 'Couleur', '', 'normal', 42, 4),
(657, 'Tome 1', '978-2-8189-0038-3', '1', '10/2010', 46, '43_1', 'Couleur', '', 'normal', 43, 4),
(658, 'Tome 2 ', '978-2-8189-0711-5', '2', '02/2012', 46, '43_2', 'Couleur', '', 'normal', 43, 4),
(659, 'Ils sont dangereux', '978-2-302-01743-6', '1', '06/2011', 46, '45_1', 'Couleur', '', 'normal', 45, 22),
(660, 'Ils sont envahis !', '978-2-302-02411-3', '2', '08/2012', 46, '45_2', 'Couleur', '', 'normal', 45, 22),
(661, 'Mille Miglia', '2-87142-018-1', '1', '01/1987', 47, '48_1', 'Couleur', '', 'normal', 48, 9),
(662, 'Cine Citta', '2-88302-031-0', '2', '01/1988', 46, '48_2', 'Couleur', '', 'normal', 48, 9),
(663, 'La voleuse', '2-88302-032-9', '3', '05/1990', 46, '48_3', 'Couleur', '', 'normal', 48, 2),
(664, 'La baie des menteurs', '3-7316-0909-5', '4', '03/1991', 46, '48_4', 'Couleur', '', 'normal', 48, 2),
(665, 'La guerre des familles', '2-7316-1015-8', '5', '06/1992', 46, '48_5', 'Couleur', '', 'normal', 48, 2),
(666, 'Les voleurs de Ferrari', '2-7316-1072-7', '6', '09/1993', 46, '48_6', 'Couleur', '', 'normal', 48, 2),
(667, 'La Vieille dame', '978-2-88890-658-2', '7', '10/2014', 46, '48_7', 'Couleur', '', 'normal', 48, 20),
(668, 'Le tournoi de magie', '978-2-8001-5679-8', '21', '05/2012', 48, '49_21', 'Couleur', '', 'normal', 49, 8),
(669, 'Cancrelune', '978-2-8001-6030-6', '22', '04/2014', 48, '49_22', 'Couleur', '', 'normal', 49, 8),
(670, 'Caline et Calebasse Les Mousquetaires', '', '1', '01/1972', 44, '50_1', 'Couleur', '', 'normal', 50, 8),
(671, 'Le vaisseau des brumes', '2-8001-1034-1', '2', '09/1984', 44, '50_2', 'Couleur', '', 'normal', 50, 8),
(672, 'Un canon pour la Rochelle', '', '3', '03/1986', 44, '50_3', 'Couleur', '', 'normal', 50, 8),
(673, 'Le grand secret', '2-8001-1747-8', '4', '03/1990', 44, '50_4', 'Couleur', '', 'normal', 50, 8),
(674, 'La nuit des gargouilles', '2-8001-1780-X', '5', '11/1990', 44, '50_5', 'Couleur', '', 'normal', 50, 8),
(675, 'La tour de Nesle', '2-8001-1839-3', '6', '11/1991', 44, '50_6', 'Couleur', '', 'normal', 50, 8),
(676, 'Le fou du Roy', '2-8001-1940-3', '7', '08/1992', 44, '50_7', 'Couleur', '', 'normal', 50, 8),
(677, 'Caline et Calebasse Les joyaux de la reine', '2-930110-23-6', '8', '04/1998', 51, '50_8', 'Noir et Blanc', '', 'normal', 50, 21),
(678, 'Puéril en la demeure', '978-2-205-06820-7', '14', '08/2012', 47, '52_14', 'Couleur', '', 'normal', 52, 6),
(679, 'T\'es gonflé', '978-2-8001-5159-5', '16', '11/2012', 44, '54_16', 'Couleur', '', 'normal', 54, 8),
(680, 'Buzz scolaire', '978-2-8189-0699-6', '14', '11/2011', 44, '56_14', 'Couleur', '', 'normal', 56, 4),
(681, 'Bulletin météo', '978-2-8189-2136-4', '15', '11/2012', 44, '56_15', 'Couleur', '', 'normal', 56, 4),
(682, '1,2,3 rentrée !', '978-2-8189-2531-7', '16', '11/2013', 44, '56_16', 'Couleur', '', 'normal', 56, 4),
(683, 'Dans les griffes de la vipère', '978-2-8001-5434-3', '53', '01/2013', 46, '64_53', 'Couleur', '', 'normal', 64, 8),
(684, 'Un chariot dans l\'Ouest', '2-8001-0858-4', '1', '01/1972', 44, '69_1', 'Couleur', '', 'normal', 69, 8),
(685, 'Du Nord au Sud', '2-8001-0256-X', '2', '01/1972', 44, '69_2', 'Couleur', '', 'normal', 69, 8),
(686, 'Et pour quinze cents dollers en plus', '2-8001-0310-8', '3', '01/1973', 44, '69_3', 'Couleur', '', 'normal', 69, 8),
(687, 'Outlaw', '2-8001-0333-7', '4', '01/1973', 44, '69_4', 'Couleur', '', 'normal', 69, 8),
(688, 'Les deserteurs', '2-8001-0364-7', '5', '01/1974', 44, '69_5', 'Couleur', '', 'normal', 69, 8),
(689, 'La prison de Robertsonville', '2-8001-0426-0', '6', '01/1975', 44, '69_6', 'Couleur', '', 'normal', 69, 8),
(690, 'Les bleus de la marine', '2-8001-0459-7', '7', '01/1975', 44, '69_7', 'Couleur', '', 'normal', 69, 8),
(691, 'Les cavaliers du ciel', '2-8001-0491-0', '8', '01/1976', 44, '69_8', 'Couleur', '', 'normal', 69, 8),
(692, 'La grande patrouille', '2-8001-0500-3', '9', '01/1976', 44, '69_9', 'Couleur', '', 'normal', 69, 8),
(693, 'Des bleus et des tuniques', '2-8001-0501-1', '10', '01/1976', 44, '69_10', 'Couleur', '', 'normal', 69, 8),
(694, 'Des bleus en noir et blanc', '2-8001-0529-1', '11', '04/1977', 44, '69_11', 'Couleur', '', 'normal', 69, 8),
(695, 'Les bleus tournent cosaques', '2-8001-0559-3', '12', '10/1977', 44, '69_12', 'Couleur', '', 'normal', 69, 8),
(696, 'Les bleus dans la gadoue', '2-8001-0584-4', '13', '04/1978', 44, '69_13', 'Couleur', '', 'normal', 69, 8),
(697, 'Le blanc-sec', '2-8001-0627-1', '14', '01/1979', 44, '69_14', 'Couleur', '', 'normal', 69, 8),
(698, 'Rumberley', '2-8001-0651-4', '15', '07/1979', 44, '69_15', 'Couleur', '', 'normal', 69, 8),
(699, 'Bronco Benny', '2-8001-0692-1', '16', '04/1980', 44, '69_16', 'Couleur', '', 'normal', 69, 8),
(700, 'Le maléfice de l\'améthyste', '978-2-8001-4862-5', '26', '11/2012', 44, '71_26', 'Couleur', '', 'normal', 71, 8),
(701, 'tome 85', '978-2-505-06557-9', '85', '09/2016', 192, '23_85', 'Noir et Blanc', '', 'Manga', 23, 12),
(702, 'tome 84', '978-2-505-06555-5', '84', '06/2016', 178, '23_84', 'Noir et Blanc', '', 'Manga', 23, 12),
(703, 'tome 83', '978-2-505-06552-3', '83', '04/2016', 160, '23_83', 'Noir et Blanc', '', 'Manga', 23, 12),
(704, 'tome 82', '978-2-505-06554-8', '82', '02/2016', 176, '23_82', 'Noir et Blanc', '', 'Manga', 23, 12),
(705, 'tome 81', '978-2-505-06223-3', '81', '12/2015', 176, '23_81', 'Noir et Blanc', '', 'Manga', 23, 12),
(706, 'tome 80', '978-2-505-06222-6', '80', '09/2015', 176, '23_80', 'Noir et Blanc', '', 'Manga', 23, 12),
(707, 'tome 79', '978-2-505-06327-8', '79', '05/2015', 177, '23_79', 'Noir et Blanc', '', 'Manga', 23, 12),
(708, 'tome 78', '978-2-505-06241-7', '78', '02/2015', 176, '23_78', 'Noir et Blanc', '', 'Manga', 23, 12),
(709, 'tome 77', '978-2-505-01747-9', '77', '10/2014', 175, '23_77', 'Noir et Blanc', 'Conan met tout en Ïuvre pour retrouver l\'inspecteur Takagi qui a été enlevé, et son sauvetage risque d\'tre rocambolesque ! Et c\'est à peine remis de ses émotions que Takagi se lance sur une nouvelle ', 'Manga', 23, 12),
(710, 'tome 76', '978-2-505-01746-2', '76', '07/2014', 192, '23_76', 'Noir et Blanc', 'Dans ce tome, entrez au cÏur d\'une affaire à laquelle sont mlés Touru Amuro, le nouveau disciple de Kogoro, et Sera, la lycéenne. Un dossier brélant derrire lequel se cachent les hommes en noir... P', 'Manga', 23, 12),
(711, 'tome 75', '978-2-505-01745-5', '75', '02/2014', 192, '23_75', 'Noir et Blanc', 'Un nouveau détective, Touru Amuro, entre en scne ! Quelles sont les intentions de ce jeune homme qui prend les devants pour essayer de résoudre une affaire...?! Dans ce tome, le dénouement de l\'affai', 'Manga', 23, 12),
(712, 'tome 74', '978-2-505-01744-8', '74', '12/2013', 192, '23_74', 'Noir et Blanc', '', 'Manga', 23, 12),
(713, 'tome 73', '978-2-505-01743-1', '73', '09/2013', 192, '23_73', 'Noir et Blanc', 'Ami ou ennemi ? Conan a-t-il rencontré un nouveau rival ? Surgissant de nulle part, ce personnage dit tre un détective. Mais qui est-il vraiment ? Retrouvez dans ce volume la fin du Ç gardien du temp', 'Manga', 23, 12),
(714, 'tome 72', '978-2-505-01742-4', '72', '09/2013', 192, '23_72', 'Noir et Blanc', 'Ë Londres, o il tente de déjouer les plans d\'un criminel, Conan (Shinichi) se retrouve face à face avec Ran... Lui déclarera-t-il enfin sa flamme ?! Ne manquez pas les autres aventures de ce tome, le', 'Manga', 23, 12),
(715, 'tome 71', '978-2-505-01705-9', '71', '01/2013', 192, '23_71', 'Noir et Blanc', 'Une simple fraise peut tre le point de départ d\'une enqute au parfum doux-amer... Conan doit se démener une fois de plus pour déchiffrer la lettre codée d\'un tueur en série qui annonce l\'apocalypse ', 'Manga', 23, 12),
(716, 'tome 70', '978-2-505-01579-6', '70', '12/2012', 192, '23_70', 'Noir et Blanc', 'Le grand cambrioleur Kaito Kid envoyant un message annonant qu\'il veut rendre les trésors du patrimoine de Ry™ma, c\'est du jamais vu ! Et cela cache sérement quelque chose, mais quoi...?! Avant de re', 'Manga', 23, 12),
(717, 'tome 69', '978-2-505-01534-5', '69', '09/2012', 192, '23_69', 'Noir et Blanc', '', 'Manga', 23, 12),
(718, 'tome 68- Cerisiers en fleur', '978-2-505-01469-0', '68', '06/2012', 192, '23_68', 'Noir et Blanc', 'Imaginez un Sherlock Holmes moderne, ‰gé d\'à peine 17 ans, vivant à la fin des années 1990! Comme si cela ne suffisait pas, imaginez en outre qu\'il a l\'apparence d\'un petit garon de 6 ans... Quand le', 'Manga', 23, 12),
(719, 'tome 67', '2-505-01427-2', '67', '03/2012', 192, '23_67', 'Noir et Blanc', 'Panique au centre commercial ! Un forcené menace de faire exploser un étage entier ! Celui-là mme o se trouvent Conan et ses amis, mais aussi Shéichi Akai et Subaru Okiya. Mme Gin est dans les para', 'Manga', 23, 12),
(720, 'tome 66', '978-2-505-01274-0', '66', '02/2011', 192, '23_66', 'Noir et Blanc', 'Imaginez un Sherlock Holmes moderne, ‰gé d\'à peine 17 ans, vivant à la fin des années 1990! Comme si cela ne suffisait pas, imaginez en outre qu\'il a l\'apparence d\'un petit garon de 6 ans... Quand le', 'Manga', 23, 12),
(721, 'tome 65', '978-2-505-01208-5', '65', '08/2011', 192, '23_65', 'Noir et Blanc', 'Imaginez un Sherlock Holmes moderne, ‰gé d\'à peine 17 ans, vivant à la fin des années 1990! Comme si cela ne suffisait pas, imaginez en outre qu\'il a l\'apparence d\'un petit garon de 6 ans... Quand le', 'Manga', 23, 12),
(722, 'tome 64', '978-2-505-01074-6', '64', '04/2011', 192, '23_64', 'Noir et Blanc', 'Imaginez un Sherlock Holmes moderne, ‰gé d\'à peine 17 ans, vivant à la fin des années 1990! Comme si cela ne suffisait pas, imaginez en outre qu\'il a l\'apparence d\'un petit garon de 6 ans... Quand le', 'Manga', 23, 12),
(723, 'tome 63', '978-2-505-01001-2', '63', '12/2010', 182, '23_63', 'Noir et Blanc', '', 'Manga', 23, 12),
(724, 'tome 62', '978-2-505-00836-1', '62', '07/2010', 182, '23_62', 'Noir et Blanc', '', 'Manga', 23, 12),
(725, 'tome 61', '978-2-505-00835-4', '61', '04/2010', 192, '23_61', 'Noir et Blanc', 'Kaito Kid est de retour ! Le célbre voleur magicien a prévu de réaliser un nouveau tour de magie exceptionnelle : dérober des pantoufles rarissimes devant une foule de téléspectateurs et la télévisio', 'Manga', 23, 12),
(726, 'tome 60', '978-2-505-00579-7', '60', '11/2009', 192, '23_60', 'Noir et Blanc', 'Pour fter le retour dÕEisuke Hond™ au lycée Teitan, Conan et ses amis décident de se rendre au Karaoke Box. Un étrange individu les prend alors en filature ! Mais, quelques instants plus tard, celui-', 'Manga', 23, 12),
(727, 'tome 59', '978-2-505-00535-3', '59', '06/2011', 192, '23_59', 'Noir et Blanc', 'En se rendant seul au rendez-vous que lui a donné Rena au col de la montagne Raiha, Akai est tombé dans le pige tendu par les hommes en noir !?? Au mme moment, la télévision annonce qu\'une chevrolet', 'Manga', 23, 12),
(728, 'tome 58', '978-2-505-00440-0', '58', '11/2009', 192, '23_58', 'Noir et Blanc', 'Ë la poursuite de Rena Mizunachi, les hommes en noir s\'introduisent dans l\'h™pital o elle se cache dans le but de l\'enlever. Ils voient cependant leur plan contrarié par l\'intervention de Conan et Ak', 'Manga', 23, 12),
(729, 'tome 57', '978-2-505-00309-0', '57', '08/2008', 178, '23_57', 'Noir et Blanc', 'Inconsciente, Rena Mizunashi est transportée à l\'h™pital sous la surveillance du FBI. Les hommes en noir qui r™dent dans les parages s\'approchent d\'elle discrtement. Eisuke Hond™ est également entra”', 'Manga', 23, 12),
(730, 'tome 56', '978-2-505-00341-0', '56', '03/2008', 180, '23_56', 'Noir et Blanc', 'Les Detective Boys décident de passer la nuit dans une vieille demeure perdue au fin fond de la fort. Seulement voilà, un meurtre s\'y produit. La vieille dame qui habite les lieux ne serait-elle pas ', 'Manga', 23, 12),
(731, 'tome 55', '978-2-505-00122-5', '55', '06/2007', 184, '23_55', 'Noir et Blanc', 'Il y a 10 ans, alors que Shinishi et Ran sont en salle d\'étude, un mystérieux garon affirmant tre le petit frre de Shinichi leur soumet l\'énigme suivante : Calmez la colre d\'Haido !, ce qui les co', 'Manga', 23, 12),
(732, 'tome 54', '2-505-00077-8', '54', '03/2007', 184, '23_54', 'Noir et Blanc', 'Conan et les Détectives-Boys vont à la montagne. Ils y rencontrent notamment une étudiante, Sakuko Kokura, membre d\'un groupe occupé à construire un bonhomme de neige. Mais voilà que Conan et ses amis', 'Manga', 23, 12),
(733, 'tome 53', '2-505-00022-0', '53', '12/2006', 168, '23_53', 'Noir et Blanc', '', 'Manga', 23, 12),
(734, 'tome 52', '2-87129-991-9', '52', '10/2006', 188, '23_52', 'Noir et Blanc', '', 'Manga', 23, 12),
(735, 'tome 51', '2-87129-929-3 ', '51', '07/2006', 192, '23_51', 'Noir et Blanc', '', 'Manga', 23, 12),
(736, 'tome 50', '2-87129-909-9', '50', '03/2006', 192, '23_50', 'Noir et Blanc', '', 'Manga', 23, 12),
(737, 'tome 49', '2-87129-888-2', '49', '01/2006', 173, '23_49', 'Noir et Blanc', '', 'Manga', 23, 12),
(738, 'tome 48', '2-87129-832-7', '48', '11/2005', 177, '23_48', 'Noir et Blanc', '', 'Manga', 23, 12),
(739, 'tome 47', '2-87129-814-9', '47', '09/2005', 188, '23_47', 'Noir et Blanc', '', 'Manga', 23, 12),
(740, 'tome 46', '2-87129-795-9', '46', '07/2005', 190, '23_46', 'Noir et Blanc', '', 'Manga', 23, 12),
(741, 'tome 45', '2-87129-774-6 ', '45', '05/2005', 188, '23_45', 'Noir et Blanc', '', 'Manga', 23, 12),
(742, 'tome 44', '2-87129-720-7', '44', '03/2005', 190, '23_44', 'Noir et Blanc', '', 'Manga', 23, 12),
(743, 'tome 43', '2-87129-702-9 ', '43', '01/2005', 190, '23_43', 'Noir et Blanc', '', 'Manga', 23, 12),
(744, 'tome 42', '2-87129-655-3 ', '42', '11/2004', 194, '23_42', 'Noir et Blanc', '', 'Manga', 23, 12),
(745, 'tome 41', '2-87129-644-7', '41', '11/2004', 190, '23_41', 'Noir et Blanc', '', 'Manga', 23, 12),
(746, 'tome 40', '2-87129-633-1', '40', '07/2004', 192, '23_40', 'Noir et Blanc', 'On a trouvé une lettre vieille de 40 ans dans la chambre du professeur Agasa. Elle aurait été écrite par son premier amour, qui lui propose de se retrouver tous les 10 ans sur le lieu de leurs souveni', 'Manga', 23, 12),
(747, 'tome 39', '2-87129-622-7', '39', '05/2004', 192, '23_39', 'Noir et Blanc', 'Une cliente, venue demander à Mouri d\'enquter sur quelqu\'un qui la suivait, meurt dans l\'incendie de sa maison quelques temps aprs ! Y aurait-il un rapport avec la série d\'incendies qui ravagent le ', 'Manga', 23, 12),
(748, 'tome 38', '2-87129-612-X ', '38', '03/2004', 192, '23_38', 'Noir et Blanc', 'L\'adversaire de Wolface, une superstar du catch qui fait son grand retour, est assassiné ! Et sur un film vidéo qui a été pris par hasard sur le lieu du crime, c\'est Wolface que l\'on aperoit !? Une f', 'Manga', 23, 12),
(749, 'tome 37', '2-87129-597-2', '37', '01/2004', 192, '23_37', 'Noir et Blanc', 'Le 7 novembre, trois ans jour pour jour aprs la mort de Matsuda, un prestigieux policier de la brigade de déminage tué dans une explosion, le commissaire Shiratori est à son tour victime d\'une attaqu', 'Manga', 23, 12),
(750, 'tome 36', '2-87129-550-6 ', '36', '10/2003', 192, '23_36', 'Noir et Blanc', '', 'Manga', 23, 12),
(751, 'tome 35', '2-87129-526-3', '35', '06/2003', 192, '23_35', 'Noir et Blanc', '', 'Manga', 23, 12),
(752, 'tome 34', '2-87129-506-9 ', '34', '03/2003', 0, '23_34', 'Noir et Blanc', '', 'Manga', 23, 12),
(753, 'tome 33', '2-87129-447-X', '33', '12/2002', 0, '23_33', 'Noir et Blanc', '', 'Manga', 23, 12),
(754, 'tome 32', '2-87129-433-X', '32', '09/2002', 0, '23_32', 'Noir et Blanc', '', 'Manga', 23, 12),
(755, 'tome 31', '2-87129-420-8 ', '31', '05/2002', 0, '23_31', 'Noir et Blanc', '', 'Manga', 23, 12),
(756, 'tome 30', '2-87129-408-9 ', '30', '02/2002', 0, '23_30', 'Noir et Blanc', '', 'Manga', 23, 12),
(757, 'tome 29', '2-87129-340-6', '29', '11/2001', 0, '23_29', 'Noir et Blanc', '', 'Manga', 23, 12),
(758, 'tome 28', '2-87129-339-2', '28', '07/2001', 0, '23_28', 'Noir et Blanc', '', 'Manga', 23, 12),
(759, 'tome 27', '2-87129-338-4', '27', '05/2001', 0, '23_27', 'Noir et Blanc', '', 'Manga', 23, 12),
(760, 'tome 26', '2-87129-337-6', '26', '03/2001', 0, '23_26', 'Noir et Blanc', '', 'Manga', 23, 12),
(761, 'tome 25', '2-87129-336-8 ', '25', '01/2001', 0, '23_25', 'Noir et Blanc', '', 'Manga', 23, 12),
(762, 'tome 24', '2-87129-260-4 ', '24', '11/2000', 0, '23_24', 'Noir et Blanc', '', 'Manga', 23, 12),
(763, 'tome 23', '2-87129-259-0', '23', '09/2000', 0, '23_23', 'Noir et Blanc', '', 'Manga', 23, 12),
(764, 'tome 22', '2-87129-258-2', '22', '07/2000', 193, '23_22', 'Noir et Blanc', '', 'Manga', 23, 12),
(765, 'tome 21', '2-87129-257-4 ', '21', '05/2000', 0, '23_21', 'Noir et Blanc', '', 'Manga', 23, 12),
(766, 'tome 20', '2-87129-214-0', '20', '03/2000', 0, '23_20', 'Noir et Blanc', '', 'Manga', 23, 12),
(767, 'tome 19', '2-87129-213-2', '19', '01/2000', 0, '23_19', 'Noir et Blanc', '', 'Manga', 23, 12),
(768, 'tome 18', '2-87129-212-4', '18', '07/1999', 165, '23_18', 'Noir et Blanc', '', 'Manga', 23, 12),
(769, 'tome 17', '2-87129-211-6', '17', '05/1999', 165, '23_17', 'Noir et Blanc', '', 'Manga', 23, 12),
(808, 'tome 16', '2-87129-210-8', '16', '02/1999', 0, '23_16', 'Noir et Blanc', '', 'Manga', 23, 12),
(809, 'tome 15', '2-87129-209-4', '15', '', 0, '23_15', 'Noir et Blanc', '', 'Manga', 23, 12),
(810, 'tome 14', '2-87129-208-6', '14', '', 0, '23_14', 'Noir et Blanc', '', 'Manga', 23, 12),
(811, 'tome 13', '2-87129-207-8', '13', '', 0, '23_13', 'Noir et Blanc', '', 'Manga', 23, 12),
(812, 'tome 12', '2-87129-206-X', '12', '', 180, '23_12', 'Noir et Blanc', '', 'Manga', 23, 12),
(813, 'tome 11', '2-87129-205-1', '11', '', 0, '23_11', 'Noir et Blanc', '', 'Manga', 23, 12),
(814, 'tome 10', '2-87129-182-9', '10', '', 167, '23_10', 'Noir et Blanc', '', 'Manga', 23, 12),
(815, 'tome 9', '2-87129-180-2', '9', '', 163, '23_9', 'Noir et Blanc', '', 'Manga', 23, 12),
(816, 'tome 8', '2-87129-175-6', '8', '', 169, '23_8', 'Noir et Blanc', '', 'Manga', 23, 12),
(817, 'tome 7', '2-87129-163-2', '7', '', 161, '23_7', 'Noir et Blanc', '', 'Manga', 23, 12),
(818, 'tome 6', '2-87129-159-4', '6', '', 167, '23_6', 'Noir et Blanc', '', 'Manga', 23, 12),
(819, 'tome 5', '2-87129-149-7', '5', '', 173, '23_5', 'Noir et Blanc', '', 'Manga', 23, 12),
(820, 'tome 4', '2-87129-144-6', '4', '10/1997', 178, '23_4', 'Noir et Blanc', '', 'Manga', 23, 12),
(821, 'tome 3', '2-87129-139-X ', '3', '03/2003', 0, '23_3', 'Noir et Blanc', '', 'Manga', 23, 12),
(822, 'tome 2', '2-87129-132-2', '2', '03/2003', 167, '23_2', 'Noir et Blanc', '', 'Manga', 23, 12),
(823, 'tome 1', '2-87129-128-4', '1', '04/1997', 180, '23_1', 'Noir et Blanc', '', 'Manga', 23, 12),
(824, 'tome 1', '978-2-505-06079-6 ', '1', '10/2014', 182, '47_1', 'Noir et Blanc', 'Kaito souhaite devenir magicien comme son pre. Huit ans aprs son décs, Kaito découvre quÕil était le célbre voleur Kid lÕInsaisissable et quÕen réalité il a été assassiné ! Pour découvrir qui a tu', 'Manga', 47, 12),
(825, 'tome 2', '978-2-505-06080-2', '2', '12/2014', 186, '47_2', 'Noir et Blanc', '', 'Manga', 47, 12),
(826, 'tome 3', '978-2-505-06318-6', '3', '02/2015', 178, '47_3', 'Noir et Blanc', '', 'Manga', 47, 12),
(827, 'tome 4', '978-2-505-06324-7', '4', '04/2015', 174, '47_4', 'Noir et Blanc', '', 'Manga', 47, 12),
(828, 'Le génie cruve l\'écran', '978-2-8036-3588-7', '46', '07/2015', 46, '39_46', 'Couleur', 'Léonard n\'est jamais à court d\'inventivité et toujours à la pointe de la technologie. Cette fois, il invente la TV 3D sans lunettes et c\'est bien sér Basile, son disciple, qui sert une fois de plus de', 'normal', 39, 14),
(829, 'Master Génie', '978-2-8036-7015-4', '47', '08/2016', 44, '39_47', 'Couleur', '', 'normal', 39, 14),
(832, 'Super-génie', '978-2-8036-3108-7', '43', '10/2012', 46, '39_43', 'Couleur', 'Léonard, son indispensable disciple, Mathurine et Raoul en ont assez de jouer les redresseurs de tort pour tous, d\'en prendre plein la figure et de se faire ratatiner constamment par des brutes en tou', 'normal', 39, 14),
(833, 'tome 1', '978-2-7234-7838-0', '1', '11/2010', 168, '19_1', 'Quadrichromie', '', 'manga', 19, 10),
(834, 'tome 2', '978-2-7234-7845-8', '2', '01/2011', 160, '19_2', 'Quadrichromie', 'Que faire quand on est un mignon petit chaton dans une maison qu\'on ne connait pas ?Pleurer ? Ne rien faire ? Attendre ?Non, il y a plus drôle que a : découvrir le monde !Du bac à sable aux crayons, ', 'manga', 19, 10),
(835, 'tome 3', '978-2-7234-7846-5', '3', '03/2011', 160, '19_3', 'Quadrichromie', '', 'manga', 19, 10),
(836, 'tome 4', '978-2-7234-7847-2 ', '4', '05/2011', 160, '19_4', 'Quadrichromie', '', 'manga', 19, 10),
(837, 'tome 5', '978-2-7234-7848-9', '5', '07/2011', 152, '19_5', 'Quadrichromie', '', 'manga', 19, 10),
(838, 'tome 6', '978-2-7234-8363-6', '6', '09/2011', 152, '19_6', 'Quadrichromie', '', 'manga', 19, 10),
(839, 'tome 7', '978-2-7234-8364-3', '7', '02/2012', 152, '19_7', 'Quadrichromie', '', 'manga', 19, 10),
(840, 'tome 8', '978-2-7234-8635-4', '8', '05/2013', 152, '19_8', 'Quadrichromie', 'A peine rétablie de ses dernires mésaventures, Chi repart explorer le monde avec son nouvel ami. Narguer les chiens du quartier, grimper aux arbres, visiter la nouvelle base secrte de Minou… décidém', 'manga', 19, 10),
(841, 'tome 9', '978-2-7234-9193-8', '9', '10/2012', 152, '19_9', 'Quadrichromie', 'Revenue malade de sa dernire expédition, Chi doit porter une collerette. Pire ! Sa famille décide de ne plus la laisser sortir, de peur qu’elle ait un accident. Que va devenir son rendez-vous avec Mi', 'manga', 19, 10),
(842, 'tome 10', '978-2-7234-9750-3', '10', '11/2013', 152, '19_10', 'Quadrichromie', '', 'manga', 19, 10),
(843, 'tome 11', '978-2-344-00451-7', '11', '11/2014', 152, '19_11', 'Quadrichromie', '', 'manga', 19, 10),
(844, 'tome 12', '978-2-344-01075-4', '12', '11/2015', 176, '19_12', 'Quadrichromie', 'Chi vient de retrouver sa maman. Malheureusement, c\'est également l\'heure pour la famille Yamada de partir vivre à l\'étranger. Qui, de sa famille d\'adoption ou de sa famille biologique, Chi va-t-elle ', 'manga', 19, 10),
(845, 'Mind Snapper Dragon, Génie de l\'analyse', '978-2-918-67402-3', '0', '08/2016', 0, '72_0', 'Quadrichromie', 'Suivez la vie déjantée de Mungkorn (alias Dragon), lycéen tha• un peu spécialÉ car hyper-doué en psychologie, il trouve un malin plaisir à analyser les comportements et mensonges de son entourage dans', 'manga', 72, 18),
(846, 'Tome 1', '979-1-09-161055-1', '1', '07/2014', 174, '58_1', 'Couleur', 'Sakamoto est le lycéen le plus cool que vous n\'ayez jamais rencontré ! Agissant avec panache, il provoque autant l\'admiration que la jalousie parmi ses camarades. D\'une nature calme, il devra au quoti', 'manga', 58, 13),
(847, 'Tome 2', '979-1-09-161071-1 ', '2', '10/2014', 188, '58_2', 'Couleur', 'Encore plus fort, plus classe et plus impressionnant, Sakamoto va devoir faire face à l\'admiration de la mre de Kubota et à l\'agacement du professeur Kakuta. Il jouera également au secouriste de l\'ex', 'manga', 58, 13),
(848, 'Tome 3', '979-1-09-161096-4', '3', '07/2015', 212, '58_3', 'Couleur', 'Issu du nouveau magazine éclectique Harta, SAKAMOTO va vous surprendre par son humour et sa fraîcheur communicative !Car SAKAMOTO pour vous servir ! est une série à prendre au second degré.Incroyablem', 'manga', 58, 13),
(849, 'Tome 4', '978-2-372-87137-2 ', '4', '07/2015', 244, '58_4', 'Couleur', '', 'manga', 58, 13),
(850, 'tome 1', '978-2-8189-3623-8', '1', '06/2016', 192, '66_1', 'Noir et Blanc', 'Naofumi est projeté dans un monde proche en tout lieu dÕun jeu de rôle dÕheroic fantasy. Mais alors que d\'autres héros ont été dotés d\'armes offensives redoutables, Naofumi hérite d\'un bouclier aux ca', 'manga', 66, 4),
(851, 'tome 1', '978-2-350-78894-4', '1', '04/2010', 148, '67_1', 'Noir et Blanc', 'cecily Cambell n\'a quÕune ambition : être la digne héritire de son aïeul, l\'un des fondateurs d\'Housman, en mettant son épée au service de la ville. Encore faudrait-il que sa lame soit moins émoussé', 'manga', 67, 4),
(852, 'tome 2', '978-2-350-78955-2', '2', '06/2010', 163, '67_2', 'Noir et Blanc', '', 'manga', 67, 4),
(853, 'tome 3', '978-2-8189-0035-2', '3', '09/2010', 179, '67_3', 'Noir et Blanc', 'Cecily est convoquée par le bourgmestre de la ville qui lui confie la protection d\'Aria, une épée enchantée ayant pris la forme d\'une jeune femme. Cecily et Aria se rendent au marché où doit avoir li', 'manga', 67, 4),
(854, 'tome 4', '978-2-8189-0176-2', '4', '01/2011', 179, '67_4', 'Noir et Blanc', '', 'manga', 67, 4),
(855, 'tome 5', '978-2-8189-0697-2', '5', '08/2011', 192, '67_5', 'Noir et Blanc', 'Cecily se voit confier la protection de Siegfried, le capitaine des chevaliers de l\'Empire. La jeune fille se chamaille avec Luke et apprend la vérité sur la naissance de Lisa pendant sa mission. Sieg', 'manga', 67, 4),
(856, 'tome 6', '978-2-8189-0830-3', '6', '06/2012', 168, '67_6', 'Noir et Blanc', '', 'manga', 67, 4),
(857, 'tome 7', '978-2-8189-2224-8', '7', '04/2013', 167, '67_7', 'Noir et Blanc', '', 'manga', 67, 4),
(858, 'tome 8', '978-2-8189-2461-7', '8', '06/2014', 174, '67_8', 'Noir et Blanc', '', 'manga', 67, 4),
(859, 'tome 9', '978-2-8189-3367-1', '9', '10/2015', 144, '67_9', 'Noir et Blanc', '', 'manga', 67, 4),
(860, 'Nouvelle union', '2-8094-3400-X', '1', '06/2013', 72, '70_1', 'Couleur', 'Marvel NOW!, cÕest parti ! Une nouvelle re Marvel sÕouvre et nous ftons lÕévénement avec ce nouveau mensuel qui accueille Uncanny Avengers de Rick Remender et John Cassaday, Avengers Arena de Dennis', 'comics', 70, 19),
(861, 'Alliés mortels', '978-2-8094-3411-8', '2', '07/3012', 72, '70_2', 'Couleur', 'Que prépare Cr‰ne Rouge maintenant qu\'il a hérité du cerveau de Charles Xavier ? Les nouveaux Uncanny Avengers aimeraient bien le découvrirÉ Coups de thé‰tre et disparitions inattendues sont au menu d', 'comics', 70, 19),
(862, 'A+X', '978-2-8094-3527-6', '3', '08/2013', 72, '70_3', 'Couleur', 'Le plan de Cr‰ne Rouge se met en oeuvre et les Uncanny Avengers se rassemblent pour la premire fois ! La mort guette nos héros dans Avengers Arena ! La Panthre Noire et Tornade décident de la suite ', 'comics', 70, 19),
(863, 'Le survivant', '2-8094-3661-4', '4', '09/2013', 72, '70_4', 'Couleur', 'C\'est l\'heure de l\'affrontement final opposant les Uncanny Avengers à Cr‰ne Rouge et sa Confrérie des Mauvais Mutants ! X-23 affronteÉ Darkhawk ? Plus le Fauve face à Spider-Man et Captain America con', 'comics', 70, 19),
(864, 'Une folle ambiance', '978-2-8094-3750-8', '5', '10/2013', 72, '70_5', 'Couleur', 'Deux épisodes d\'Uncanny Avengers par Rick Remender associé à de nouveaux dessinateurs, Coipel et Acu–a. Ë cette occasion, de nouvelles recrues arrivent et Thor affronte Apocalypse. En outre, nous déco', 'comics', 70, 19),
(865, 'Le pion prend le roi', '978-2-8094-3768-3 ', '6', '11/2013', 72, '70_6', 'Couleur', 'Remender et Kubert entraînent les Uncanny Avengers dans l\'re d\'Ultron. Plus, deux épisodes d\'Avengers Arena qui nous révlent enfin comment Arcade est devenu si puissant. Les jeunes héros vivent de n', 'comics', 70, 19),
(866, 'Ragnarok now !', '', '7', '12/2013', 72, '70_7', 'Couleur', '', 'comics', 70, 19),
(867, 'L\'arnaque', '978-2-8094-3810-9', '8', '01/2014', 72, '70_8', 'Couleur', '', 'comics', 70, 19),
(868, 'Le grand jeu', '978-2-8094-3923-6', '9', '02/2014', 72, '70_9', 'Couleur', '', 'comics', 70, 19),
(869, 'Numéro 1', '978-2-365-77791-9', '1', '03/2016', 160, '8_1', 'Couleur', '', 'comics', 8, 24),
(870, 'Numéro 2', '978-2-365-77955-5', '2', '04/2016', 120, '8_2', 'Couleur', '', 'comics', 8, 24),
(871, 'Numéro 3', '978-2-365-77957-9', '3', '05/2016', 136, '8_3', 'Couleur', '', 'comics', 8, 24),
(872, 'Numéro 4', '978-2-365-77966-1', '4', '06/2016', 128, '8_4', 'Couleur', '', 'comics', 8, 24),
(873, 'Numéro 5', '979-1-02-681028-5', '5', '07/2016', 127, '8_5', 'Couleur', '', 'comics', 8, 24),
(874, 'Numéro 6', '979-1-02-681033-9', '6', '08/2016', 120, '8_6', 'Couleur', '', 'comics', 8, 24),
(875, 'Batman \'66', '978-2-365-77960-9', 'HS01', '04/2016', 160, '8_hs01', 'Couleur', '', 'comics', 8, 24);
INSERT INTO `bd` (`BdId`, `BdTitre`, `BdIsbn`, `BdTome`, `BdParution`, `BdNbPages`, `BdImage`, `BdCouleur`, `BdCommentaires`, `BdFormat`, `NumSerie`, `NumEditeur`) VALUES
(876, 'Harley Quinn', '979-1-02-681071-1', 'HS02', '07/2016', 128, '8_hs02', 'Couleur', '', 'comics', 8, 24),
(877, 'Panique à New York', '978-2-7560-5020-1', '1', '08/2014', 94, '29_1', 'Couleur', '', 'comics', 29, 24),
(878, 'Un flirt avec la mort', '978-2-7560-5021-8', '2', '11/2014', 84, '29_2', 'Couleur', 'Walter Peck, l\'ennemi intime des Ghostbusters est désormais le chef du PCOC (la Commission de Surveillance des Contrats Paranormaux) et il est bien décidé à leur pourrir la vie ! Utilisant les petites', 'comics', 29, 24),
(879, 'Spectres à gogo', '978-2-7560-6807-7', '3', '10/2015', 82, '29_3', 'Couleur', '', 'comics', 29, 24),
(880, 'tome 1', '978-2-7560-5032-4 ', '1', '05/2014', 128, '63_1', 'Couleur', 'Chantez avec eux autour du piano de Schroeder, jouez au baseball avec Charlie Brown, écoutez Lucy qui a un avis sur tout, écrivez des romans avec Snoopy et apprenez le véritable sens de No‘l avec Linu', 'manga', 63, 7),
(881, 'tome 2', '978-2-7560-5033-1', '2', '09/2014', 128, '63_2', 'Couleur', 'Tous les Peanuts sont au rendez-vous de ce deuxime recueil entirement remastérisé, doté d\'une nouvelle traduction des pages du dimanche des années 1972 & 1973 ! Schroeder et son piano, poursuivi par', 'manga', 63, 7),
(882, 'tome 3', '978-2-7560-5230-4 ', '3', '11/2014', 128, '63_3', 'Couleur', '', 'manga', 63, 7),
(883, 'tome 4', '978-2-7560-5236-6', '4', '03/2015', 128, '63_4', 'Couleur', '', 'manga', 63, 7),
(884, 'tome 5', '978-2-7560-5237-3', '5', '09/2015', 128, '63_5', 'Couleur', '', 'manga', 63, 7),
(885, 'tome 6', '978-2-7560-5238-0', '6', '06/2016', 128, '63_6', 'Couleur', '', 'manga', 63, 7),
(886, 'tome 1', '2-87129-920-X ', '1', '01/2006', 189, '25_1', 'Noir et Blanc', '', 'manga', 25, 12),
(887, 'tome 2', '2-87129-938-2', '2', '05/2007', 189, '25_2', 'Noir et Blanc', 'Catastrophe ! Nobita n\'a pas étudié et deux contr™les sont prévus pour le lendemain ! DORAemon lui vient en aide avec son rappel-pain, une invention venue du futur. Mieux qu\'un pense-bte, celui qui m', 'manga', 25, 12),
(888, 'tome 3', '978-2-87129-956-1', '3', '05/2006', 189, '25_3', 'Noir et Blanc', '', 'manga', 25, 12),
(889, 'tome 4', '978-2-87129-957-8', '4', '07/2008', 189, '25_4', 'Noir et Blanc', 'Les aventures de Nobita se poursuivent au rythme des inventions fournies par Doraemon : l\'appareil photo maudit fera subir bien des tourments à nos amis, quant au mensonge qui dit vrai, il permettra à', 'manga', 25, 12),
(890, 'tome 5', '978-2-87129-958-5', '5', '03/2008', 189, '25_5', 'Noir et Blanc', '', 'manga', 25, 12),
(891, 'tome 6', '978-2-505-00332-8', '6', '05/2008', 189, '25_6', 'Noir et Blanc', '', 'manga', 25, 12),
(892, 'tome 7', '978-2-505-00319-9', '7', '07/2008', 189, '25_7', 'Noir et Blanc', '', 'manga', 25, 12),
(893, 'tome 8', '978-2-505-00392-2', '8', '09/2008', 192, '25_8', 'Noir et Blanc', 'Nobita et Doraemon vivent des aventures vraiment délirantes. Doraemon n\'est jamais à court d\'inventions loufoques pour résoudre les problmes de son jeune ami ! Mais cette fois encore, malgré le chiff', 'manga', 25, 12),
(894, 'tome 9', '978-2-505-00393-9', '9', '11/2008', 192, '25_9', 'Noir et Blanc', '', 'manga', 25, 12),
(895, 'tome 10', '978-2-505-00544-5', '10', '01/2009', 192, '25_10', 'Noir et Blanc', 'L\'heure est grave ! Une terrible rumeur circule ! Giant préparerait un récital pour son prochain concert. Un concert de trois heures qu\'il compte donner devant tous ses amis ! Nobita et ses amis sont ', 'manga', 25, 12),
(896, 'tome 11', '978-2-505-00581-0', '11', '07/2009', 192, '25_11', 'Noir et Blanc', 'Tous les ans c\'est la mme chose ! Pour les ftes du nouvel an, Nobita et ses amis jouent au cerf-volant ou au hanetsuki, mais Nobita ne cesse de perdre. Ce qu\'il aimerait que ces jeux n\'existent pas ', 'manga', 25, 12),
(897, 'tome 12', '978-2-505-00697-8', '12', '11/2009', 192, '25_12', 'Noir et Blanc', 'Nobita et ses amis sont bien embtés ! Kuro, un chat de gouttire, nÕen finit plus de leur voler leur nourriture! CÕen est trop pour DORAemon qui décide dÕen finir en utilisant un missile télé-guidé i', 'manga', 25, 12),
(898, 'tome 13', '978-2-505-00698-5', '13', '05/2010', 192, '25_13', 'Noir et Blanc', '', 'manga', 25, 12),
(899, 'tome 14', '978-2-505-00699-2', '14', '11/2010', 192, '25_14', 'Noir et Blanc', 'Nobita sÕennuie, il veut de lÕaventure, dehors le monde est trop paisible... Trop calme... Doraemon lui propose alors dÕenfiler le Òmanteau qui en fait tropÓ ! Le quotidien tranquille de Nobita se tra', 'manga', 25, 12),
(900, 'tome 15', '978-2-505-00700-5', '15', '05/2011', 192, '25_15', 'Noir et Blanc', '', 'manga', 25, 12),
(901, 'tome 16', '978-2-505-01243-6', '16', '10/2011', 192, '25_16', 'Noir et Blanc', '', 'manga', 25, 12),
(902, 'tome 17', '978-2-505-01352-5', '17', '02/2012', 192, '25_17', 'Noir et Blanc', '', 'manga', 25, 12),
(903, 'tome 18', '978-2-505-01353-2', '18', '06/2012', 192, '25_18', 'Noir et Blanc', '', 'manga', 25, 12),
(904, 'tome 19', '978-2-505-01354-9 ', '19', '10/2012', 192, '25_19', 'Noir et Blanc', '', 'manga', 25, 12),
(905, 'tome 20', '978-2-505-01355-6 ', '20', '03/2013', 192, '25_20', 'Noir et Blanc', 'DORAemon revient plus en forme que jamais ! Cette fois-ci, il a décidé de créer une base secrte ! Mais ce n\'est pas tout ! DORAemon n\'est pas à l\'aprs d\'une idée farfelue. Au menu de ce tome, des pi', 'manga', 25, 12),
(906, 'tome 21', '978-2-505-01748-6', '21', '05/2013', 192, '25_21', 'Noir et Blanc', '', 'manga', 25, 12),
(907, 'tome 22', '978-2-505-01749-3 ', '22', '10/2013', 192, '25_22', 'Noir et Blanc', '', 'manga', 25, 12),
(908, 'tome 23', '978-2-505-01750-9', '23', '03/2014', 192, '25_23', 'Noir et Blanc', '', 'manga', 25, 12),
(909, 'tome 24', '978-2-505-01751-6', '24', '09/2014', 184, '25_24', 'Noir et Blanc', '', 'manga', 25, 12),
(910, 'tome 25', '978-2-505-01752-3', '25', '03/2015', 185, '25_25', 'Noir et Blanc', '', 'manga', 25, 12),
(911, 'tome 26', '978-2-505-06331-5', '26', '06/2015', 183, '25_26', 'Noir et Blanc', '', 'manga', 25, 12),
(912, 'tome 27', '978-2-505-06201-1', '27', '09/2015', 192, '25_27', 'Noir et Blanc', '', 'manga', 25, 12),
(913, 'tome 28', '978-2-505-06247-9', '28', '12/2015', 192, '25_28', 'Noir et Blanc', '', 'manga', 25, 12),
(914, 'tome 29', '978-2-505-06568-5', '29', '02/2016', 192, '25_29', 'Noir et Blanc', '', 'manga', 25, 12),
(915, 'tome 30', '978-2-505-06569-2', '30', '04/2016', 192, '25_30', 'Noir et Blanc', '', 'manga', 25, 12),
(916, 'tome 31', '978-2-505-06570-8', '31', '06/2016', 184, '25_31', 'Noir et Blanc', '', 'manga', 25, 12),
(919, 'Achille Talon et le monstre de l\'étang', '2-205-03541-X', '40', '10/1989', 46, '2_40', 'quadrichromie', '', 'normal', 2, 6),
(925, 'Le monde merveilleux du journal Polite', '2-205-04959-3', '46', '10/2004', 45, '2_46', 'quadrichromie', '', 'normal', 2, 6),
(926, 'Achille Talon crève l\'écran', '978-2-205-06036-2', '47', '07/2007', 45, '2_47', 'quadrichromie', '', 'normal', 2, 6),
(927, 'Achille Talon n\'arrête pas le progrès', '978-2-205-05202-2', '48', '04/2009', 46, '2_48', 'quadrichromie', 'Achille Talon n\'arrte pas le progrs. Mais le progrs peut-il arrter Achille Talon ? Dans cette nouvelle série de gags, le plus érudit des héros de bande dessinée doit faire face à des technologies ', 'normal', 2, 6),
(928, 'Effet monstre', '978-2-8001-4756-7', '28', '11/2012', 44, '3_28', 'couleur', 'Certes, il est un peu enveloppé, mais il ne faut pas s\'y fier : l\'agent 212 a l\'oeil, et le bon ! Gare aux mal-garés, ils seront verbalisés sans pitié. Fussent-ils prtres, ils ne passeront pas entre ', 'normal', 3, 8),
(929, 'L\'Agent tous risques', '978-2-8001-5992-8', '29', '03/2016', 44, '3_29', 'couleur', '', 'normal', 3, 8),
(930, 'Le requin jaune', '2-8001-1242-5', '1', '10/1986', 44, '44_1', 'quadrichromie', '', 'normal', 44, 8),
(931, 'Un Snorky a la dérive', '2-8001-1431-2', '2', '10/1986', 44, '44_2', 'quadrichromie', '', 'normal', 44, 8),
(932, 'Mousse en péril', '2-8001-1514-9', '3', '05/1987', 46, '44_3', 'quadrichromie', '', 'normal', 44, 8),
(933, 'Alerte sur Fangataufa', '978-2-203-02272-0', '1', '09/2009', 46, '61_1', 'couleur', '', 'normal', 61, 27),
(934, 'Menace sur Apollo', '978-2-203-03339-9', '2', '11/2010', 46, '61_2', 'couleur', '', 'normal', 61, 27),
(935, 'Terreur sur Saïgon', '978-2-203-06640-3', '3', '12/2013', 46, '61_3', 'couleur', '', 'normal', 61, 27),
(936, 'Tempête à l\'Otan', '978-2-203-09648-6', '4', '08/2016', 46, '61_4', 'couleur', '', 'normal', 61, 27),
(937, 'Sherlock Holmes n\'a peur de rien', '2-84055-351-1', '1', '04/1999', 46, '', 'Couleur', '', 'normal', 79, 7),
(938, 'Sherlock Holmes et le Club des sports dangereux', '2-84055-455-0', '2', '01/2001', 46, '', 'Couleur', '', 'normal', 79, 7),
(939, 'Sherlock Holmes et les Hommes du Camellia', '2-84055-656-1', '3', '01/2002', 46, '', 'Couleur', '', 'normal', 79, 7),
(940, 'Sherlock Holmes et l\'Ombre du M', '2-84055-928-5', '4', '05/2003', 48, '', 'Couleur', '', 'normal', 79, 7),
(941, 'Le Cheval qui murmurait à l\'oreille de Sherlock Holmes', '978-2-7560-1319-0', '5', '08/2008', 46, '', 'Couleur', '', 'normal', 79, 7),
(942, 'INT. All you need is Holmes', '978-2-413-00028-0', '0', '11/2017', 0, '', 'Couleur', '', 'normal', 79, 7),
(943, 'La fille du Z', '978-2-8001-7013-8', '1', '06/2017', 62, '', 'Couleur', '', 'normal', 80, 8),
(944, 'L\'apprenti méchant', '978-2-8001-7421-1 ', '2', '09/2018', 62, '', 'Couleur', '', 'normal', 80, 8),
(945, 'Les aventuriers du Mékong', '978-2-413-00775-3', '1', '10/2018', 112, '', 'Couleur', '', 'normal', 83, 7),
(946, 'coup d\'envoi', '978-2-8001-5160-1', '1', '01/2013', 68, '', 'Couleur', '', 'normal', 81, 8),
(947, 'Face à face', '978-2-8001-5730-6', '2', '06/2013', 56, '', 'Couleur', '', 'normal', 81, 8),
(948, 'Si seulement...', '978-2-8001-5741-2', '3', '04/2014', 48, '', 'Couleur', '', 'normal', 81, 8),
(949, 'L\'espoir fait vivre ', '978-2-8001-6334-5', '4', '09/2015', 54, '', 'Couleur', '', 'normal', 81, 8),
(950, 'Les phoenix', '978-2-8001-6704-6', '5', '11/2017', 56, '', 'Couleur', '', 'normal', 81, 8),
(951, 'Confrontations', '978-2-8001-7487-7', '6', '10/2018', 0, '', 'Couleur', '', 'normal', 81, 8),
(952, 'Intégrale de la saison 1 ', '978-2-8001-7413-6', '0', '11/2017', 264, '', 'Couleur', '', 'normal', 81, 8),
(953, 'Intégrale 1', '978-2-302-02098-6 ', '1', '09/2012', 132, '', 'Couleur', '', 'normal', 82, 22),
(954, 'Intégrale 2', '978-2-302-02250-8', '2', '11/2012', 132, '', 'Couleur', '', 'normal', 82, 22),
(955, 'Intégrale 3', '978-2-302-02776-3', '3', '03/2013', 132, '', 'Couleur', '', 'normal', 82, 22),
(956, 'Intégrale 4', '978-2-302-02511-0', '4', '09/2013', 132, '', 'Couleur', '', 'normal', 82, 22),
(957, 'Intégrale 5', '978-2-302-03726-7', '5', '03/2014', 132, '', 'Couleur', '', 'normal', 82, 22),
(958, 'Intégrale 6', '978-2-302-04102-8', '6', '10/2014', 148, '', 'Couleur', '', 'normal', 82, 22),
(959, 'Intégrale 7', '978-2-302-04493-7', '7', '11/2014', 152, '', 'Couleur', '', 'normal', 82, 22),
(960, 'Intégrale 8', '978-2-302-06902-2', '8', '09/2018', 150, '', 'Couleur', '', 'normal', 82, 22);

-- --------------------------------------------------------

--
-- Table structure for table `editeur`
--

DROP TABLE IF EXISTS `editeur`;
CREATE TABLE `editeur` (
  `EditeurNum` int(11) NOT NULL,
  `EditeurNom` varchar(40) COLLATE utf8_bin NOT NULL,
  `EditeurCreation` int(11) NOT NULL,
  `EditeurAdresse` varchar(60) COLLATE utf8_bin NOT NULL,
  `EditeurCP` varchar(11) COLLATE utf8_bin NOT NULL,
  `EditeurVille` varchar(50) COLLATE utf8_bin NOT NULL,
  `EditeurTel` varchar(11) COLLATE utf8_bin NOT NULL,
  `EditeurFax` varchar(11) COLLATE utf8_bin NOT NULL,
  `EditeurMail` varchar(50) COLLATE utf8_bin NOT NULL
) ENGINE=InnoDB DEFAULT CHARSET=utf8 COLLATE=utf8_bin;

--
-- Dumping data for table `editeur`
--

INSERT INTO `editeur` (`EditeurNum`, `EditeurNom`, `EditeurCreation`, `EditeurAdresse`, `EditeurCP`, `EditeurVille`, `EditeurTel`, `EditeurFax`, `EditeurMail`) VALUES
(1, 'Albert René', 1979, '26 avenue victor hugo', '75116', 'Paris', '0145004141', '0140679512', ''),
(2, 'Alpen publishers', 1881, '', '', '', '', '', ''),
(3, 'Appro éditions', 0, '', '', 'Lausanne', '', '', ''),
(4, 'Bamboo', 1997, '116 rue des jonchères', '71012', 'Charnay les macon', '0385349909', '0385344755', 'bamboo-diffusion@bamboodif.fr'),
(5, 'Blake et Mortimer éditions', 2008, '15-27 rue Moussorgski', '75018', 'Paris', '0153263232', '', ''),
(6, 'Dargaud', 1936, '15 rue moussorgski', '75018', 'Paris', '0153263232', '0153263200', 'Boutique.Dargaud@mdsfrance.fr'),
(7, 'Delcourt', 1986, '8 rue Léon Jouhaux   ', '75010', 'PARIS', '', '', ''),
(8, 'Dupuis', 1922, '15-17 rue Moussorgski', '75895', 'Marseille', '0170385600', '0170385601', 'boutique@dupuis.com'),
(9, 'Editions du miroir', 2004, '15 impasse des Grives ', '03170', 'Montvicq', '0677968386', '', ''),
(10, 'Glénat Bd', 1972, '37rue Servan', '38000', 'Grenoble', '0476887575', '0476887570', 'glenat-edition@glenat.com'),
(11, 'Hachette', 1826, '43 quai de Grenelle', '75905', 'Paris', '0143923000', '0143923111', 'Hachette@hotmail.fr'),
(12, 'Kana', 1966, '6 Avenue Paul Henri Spaak ', '71060', 'Bruxelles', '', '', 'boutique.kana@mdsfrance.fr'),
(13, 'Komikku Editions', 2012, '46 rue de Montgrésin', '60560', 'Orry La Ville', '', '', ''),
(14, 'Le Lombard', 1946, '15-27 rue Moussorgski', '75018', 'Paris', '0153263232', '0153263200', ''),
(15, 'Loup-Hibou', 0, '36 rue théodore de cuyper', '1200', 'Bruxelles', '00324753418', '0', ''),
(16, 'Mad Fabrik', 2010, '431 Lasne Office Park', '1380', 'Lasne', '023573328', '023573322', ''),
(17, 'Marsu Production', 2007, '15-27 rue Moussorgski', '75018', 'Paris', '0205214802', '0205214827', 'marsuproduction@marsu.fr'),
(18, 'Nakarmaz', 0, '1 mail gay-lussac  ', '95000', 'Neuville sur oise', '', '', ''),
(19, 'Panini Comics', 0, 'Av. Emmanuel Pontremoli  ', '6205', 'Nice', '', '', ''),
(20, 'Paquet editions SArl', 0, '', '', 'Genève - Suisse', '0177455221', '', ''),
(21, 'Point image', 1994, '10 Clos Saint Mathurin', '78121', 'Crespières', '0134590758', '0134590760', ''),
(22, 'Soleils Editions', 1989, '44 rue Baudin', '83107', 'Toulon', '0156039220', '', ''),
(23, 'Topinambour', 0, '40, avenue de Reims', '02200', 'Soissons', '0323745981', '0', 'pl_tina@yahoo.com'),
(24, 'Urban Comics', 2012, '15/27 rue Moussorgski  ', '75018', 'Paris', '', '', ''),
(25, 'Vents d\'ouest', 1981, '37rue Servan', '38000', 'Grenoble', '', '', ''),
(26, 'Z\'éditions', 1983, '6 rue Lycee', '06000', 'Nice', '0899184603', '0899184937', ''),
(27, 'Casterman Editions', 1780, 'Cantersteen 47', '1000', 'Bruxelles', '', '', '');

-- --------------------------------------------------------

--
-- Table structure for table `emprunteur`
--

DROP TABLE IF EXISTS `emprunteur`;
CREATE TABLE `emprunteur` (
  `emp_num` int(11) NOT NULL,
  `emp_nom` varchar(50) CHARACTER SET utf8 COLLATE utf8_bin NOT NULL,
  `emp_prenom` varchar(50) CHARACTER SET utf8 COLLATE utf8_bin NOT NULL,
  `emp_rue` varchar(50) CHARACTER SET utf8 COLLATE utf8_bin NOT NULL,
  `emp_code_postal` varchar(5) CHARACTER SET utf8 COLLATE utf8_bin NOT NULL,
  `emp_ville` varchar(50) CHARACTER SET utf8 COLLATE utf8_bin NOT NULL,
  `emp_date_naiss` date NOT NULL,
  `emp_mail` varchar(100) CHARACTER SET utf8 COLLATE utf8_bin NOT NULL,
  `emp_prem_adh` date NOT NULL DEFAULT '2018-01-01',
  `emp_ren_adh` date NOT NULL DEFAULT '2018-07-01'
) ENGINE=InnoDB DEFAULT CHARSET=latin1;

--
-- Dumping data for table `emprunteur`
--

INSERT INTO `emprunteur` (`emp_num`, `emp_nom`, `emp_prenom`, `emp_rue`, `emp_code_postal`, `emp_ville`, `emp_date_naiss`, `emp_mail`, `emp_prem_adh`, `emp_ren_adh`) VALUES
(1, 'DUPOND', 'Jules', '8 rue des Alpes suisses', '37000', 'Tours', '1982-05-05', 'jDupond@hotmail.com', '2018-01-01', '2018-07-01'),
(2, 'DUPOND', 'Julie', '8 rue des Alpes suisses', '37000', 'Tours', '2002-04-09', 'jDupond@hotmail.com', '2018-01-01', '2018-07-01'),
(3, 'DUPOND', 'Esteban', '8 rue des Alpes suisses', '37000', 'Tours', '2006-04-15', 'jDupond@hotmail.com', '2018-01-01', '2018-07-01'),
(4, 'DUPOND', 'Léo', '8 rue des Alpes suisses', '37000', 'Tours', '2008-10-25', 'jDupond@hotmail.com', '2018-01-01', '2018-07-01'),
(5, 'MORIOT', 'Méline', '48 Chemin des Cades', '37170', 'Chambray les Tours', '1958-05-24', 'melMoriot@free.fr', '2018-01-01', '2018-07-01'),
(6, 'PASQUIE', 'Angélique', '454 Avenue Mirabeau', '37170', 'Chambray les tours', '1975-02-05', 'gegepasquier@orange.fr', '2018-01-01', '2018-07-01'),
(7, 'PERROT', 'Jean-Marc', '8 place Maurice Ravelli', '37000', 'Tours', '1954-04-05', 'jmp37@free.com', '2018-01-01', '2018-07-01'),
(8, 'PERROT', 'Aline', '8 place Maurice Ravelli', '37000', 'Tours', '1955-12-25', 'jmp37@free.com', '2018-01-01', '2018-07-01'),
(9, 'PERROT', 'Charles-Edouard', '8 place Maurice Ravelli', '37000', 'Tours', '1980-04-05', 'jmp37@free.com', '2018-01-01', '2018-07-01'),
(10, 'PERROT', 'Julien', '8 place Maurice Ravelli', '37000', 'Tours', '1982-04-10', 'jmp37@free.com', '2018-01-01', '2018-07-01'),
(11, 'PERROT', 'Giséle', '8 place Maurice Ravelli', '37000', 'Tours', '1986-11-15', 'jmp37@free.com', '2018-01-01', '2018-07-01'),
(12, 'DELVIGNE', 'Stéphane', '35 Boulevard Félix Gras', '37260', 'Monts', '1977-05-26', 'stfDelvigne@orange.fr', '2018-01-01', '2018-07-01'),
(13, 'MERLOT', 'Martine', '56 Rue Paul Guigou', '37250', 'Veigné', '1975-05-19', 'tribuMerlot37@free.com', '2018-01-01', '2018-07-01'),
(14, 'MERLOT', 'Hervé', '56 Rue Paul Guigou', '37250', 'Veigné', '1970-10-02', 'tribuMerlot37@free.com', '2018-01-01', '2018-07-01'),
(15, 'MERLOT', 'Juliette', '56 Rue Paul Guigou', '37250', 'Veigné', '2000-05-28', 'tribuMerlot37@free.com', '2018-01-01', '2018-07-01'),
(16, 'MERLOT', 'Lucie', '56 Rue Paul Guigou', '37250', 'Veigné', '2002-02-28', 'tribuMerlot37@free.com', '2018-01-01', '2018-07-01'),
(17, 'MERLOT', 'Brigitte', '56 Rue Paul Guigou', '37250', 'Veigné', '2004-01-20', 'tribuMerlot37@free.com', '2018-01-01', '2018-07-01'),
(18, 'BOUISSEA', 'Emmanuel', '3 rue des Capucins', '37250', 'Montbazon', '1976-06-06', 'zouzou44@gmail.com', '2018-01-01', '2018-07-01'),
(19, 'BOUISSEAU', 'Mireille', '3 rue des Capucins', '37250', 'Montbazon', '1976-02-08', 'bouisseau37@gmail.com', '2018-01-01', '2018-07-01'),
(20, 'HERVY', 'Madeleine', '194 Avenue Pablo Picasso', '37260', 'Monts', '1992-07-15', 'hervy.mad@hotmail.com', '2018-01-01', '2018-07-01'),
(21, 'BERNARD', 'Kenzo', '265 rue de la République', '37250', 'Veigné', '1980-12-28', 'bernard.kenzo@hotmail.com', '2018-01-01', '2018-07-01'),
(22, 'BERNARD', 'Murielle', '265 rue de la République', '37250', 'Veigné', '1982-05-26', 'bernard.mumu@hotmail.com', '2018-01-01', '2018-07-01'),
(23, 'BERNARD', 'Heliot', '265 rue de la République', '37250', 'Veigné', '2006-11-05', 'bernard.zozos@hotmail.com', '2018-01-01', '2018-07-01'),
(24, 'BERNARD', 'Gilbert', '265 rue de la République', '37250', 'Veigné', '2008-10-25', 'bernard.zozos@hotmail.com', '2018-01-01', '2018-07-01'),
(25, 'BERNARD', 'Hubert', '265 rue de la République', '37250', 'Veigné', '2004-01-01', 'bernard.zozos@hotmail.com', '2018-01-01', '2018-07-01'),
(26, 'PERNON', 'Edouard', '25 Chemin de la Roque', '37250', 'Veigné', '1965-05-06', '', '2018-01-01', '2018-07-01'),
(27, 'PERNON', 'Françoise', '25 Chemin de la Roque', '37250', 'Veigné', '1964-02-15', '', '2018-01-01', '2018-07-01'),
(28, 'LEMAITRE', 'Stéphanie', '551 Rue Alphonse Daudet', '37250', 'Montbazon', '1992-04-24', 'stef.lemaitre@hotmail.com', '2018-01-01', '2018-07-01'),
(29, 'LEMAITRE', 'Philippe', '551 Rue Alphonse Daudet', '37250', 'Montbazon', '1990-11-25', 'phil.lemaitre@free.fr', '2018-01-01', '2018-07-01'),
(30, 'GENTIL', 'Arianne', '78 Avenue de la Libération', '37250', 'Montbazon', '1975-03-25', 'familleGentil@free.fr', '2018-01-01', '2018-07-01'),
(31, 'GENTIL', 'Léon', '78 Avenue de la Libération', '37250', 'Montbazon', '1970-05-25', 'familleGentil@free.fr', '2018-01-01', '2018-07-01'),
(32, 'GENTIL', 'Carine', '78 Avenue de la Libération', '37250', 'Montbazon', '1999-08-14', 'familleGentil@free.fr', '2018-01-01', '2018-07-01'),
(33, 'GENTIL', 'Eloise', '78 Avenue de la Libération', '37250', 'Montbazon', '2001-05-26', 'familleGentil@free.fr', '2018-01-01', '2018-07-01'),
(34, 'GENTIL', 'Mariette', '78 Avenue de la Libération', '37250', 'Montbazon', '2001-05-26', 'familleGentil@free.fr', '2018-01-01', '2018-07-01'),
(35, 'BONNET', 'Ludovic', '02 rue de la République', '37250', 'Montbazon', '1964-09-24', 'bonnetAndCo@wanadoo.fr', '2018-01-01', '2018-07-01'),
(36, 'BONNET', 'Sylvie', '02 rue de la République', '37250', 'Montbazon', '1963-09-23', 'bonnetAndCo@wanadoo.fr', '2018-01-01', '2018-07-01'),
(37, 'BONNET', 'Nicolas', '02 rue de la République', '37250', 'Montbazon', '1998-08-18', 'bonnetAndCo@wanadoo.fr', '2018-01-01', '2018-07-01'),
(38, 'BONNET', 'Valentine', '02 rue de la République', '37250', 'Montbazon', '2001-09-18', 'bonnetAndCo@wanadoo.fr', '2018-01-01', '2018-07-01'),
(39, 'DOUCET', 'Hubert', '23 Rue du Ponant', '37000', 'Tours', '1978-05-05', 'doudou37@hotmail.com', '2018-01-01', '2018-07-01'),
(40, 'DOUCET', 'Lucette', '23 Rue du Ponant', '37000', 'Tours', '2002-04-09', 'doudou37@hotmail.com', '2018-01-01', '2018-07-01'),
(41, 'DOUCET', 'Grégoire', '23 Rue du Ponant', '37000', 'Tours', '2006-04-15', 'doudou37@hotmail.com', '2018-01-01', '2018-07-01'),
(42, 'DOUCET', 'Valentin', '23 Rue du Ponant', '37000', 'Tours', '2008-10-25', 'doudou37@hotmail.com', '2018-01-01', '2018-07-01'),
(43, 'MORIT', 'Léonard', '4 Chemin des Cades', '37170', 'Chambray les Tours', '1970-05-04', 'moritleo@free.fr', '2018-01-01', '2018-07-01'),
(44, 'ANDRE', 'Louis', '12 Avenue Mirabeau', '37170', 'Chambray les Tours', '1976-08-29', 'louis.andre@orange.fr', '2018-01-01', '2018-07-01'),
(45, 'PERONA', 'Jean-Marc', '22 Boulevard Pasteur', '37000', 'Tours', '1954-02-25', 'momo37@free.com', '2018-01-01', '2018-07-01'),
(46, 'PERONA', 'Aline', '22 Boulevard Pasteur', '37000', 'Tours', '1955-02-24', 'momo37@free.com', '2018-01-01', '2018-07-01'),
(47, 'PERONA', 'Charles-Edouard', '22 Boulevard Pasteur', '37000', 'Tours', '1980-12-24', 'momo37@free.com', '2018-01-01', '2018-07-01'),
(48, 'PERONA', 'Julien', '22 Boulevard Pasteur', '37000', 'Tours', '1977-06-26', 'momo37@free.com', '2018-01-01', '2018-07-01'),
(49, 'PERONA', 'Giséle', '22 Boulevard Pasteur', '37000', 'Tours', '1985-10-10', 'momo37@free.com', '2018-01-01', '2018-07-01'),
(50, 'HEYMANS', 'Stéphanie', '12 Boulevard Félix Gras', '37260', 'Monts', '1989-04-25', 'stfHeymans@orange.fr', '2018-01-01', '2018-07-01'),
(51, 'BERTELOT', 'Kévin', '2 Rue Paul Guigou', '37250', 'Veigné', '1970-06-22', 'tribuBertelot@free.com', '2018-01-01', '2018-07-01'),
(52, 'BERTELOT', 'Linette', '2 Rue Paul Guigou', '37250', 'Veigné', '1972-01-25', 'tribuBertelot@free.com', '2018-01-01', '2018-07-01'),
(53, 'BERTELOT', 'Frédérique', '2 Rue Paul Guigou', '37250', 'Veigné', '1998-05-24', 'tribuBertelot@free.com', '2018-01-01', '2018-07-01'),
(54, 'BERTELOT', 'Léo', '2 Rue Paul Guigou', '37250', 'Veigné', '1998-05-24', 'tribuBertelot@free.com', '2018-01-01', '2018-07-01'),
(55, 'BERTELOT', 'Adrien', '2 Rue Paul Guigou', '37250', 'Veigné', '2000-06-28', 'tribuBertelot@free.com', '2018-01-01', '2018-07-01'),
(56, 'BOUSSY', 'Emmanuel', '36 rue des Capucin', '37250', 'Montbazon', '1980-06-08', 'titibouzzy@gmail.com', '2018-01-01', '2018-07-01'),
(57, 'BOUSSY', 'Mariette', '36 rue des Capucins', '37250', 'Montbazon', '1982-04-25', 'mari3744@gmail.com', '2018-01-01', '2018-07-01'),
(58, 'CHAURAND', 'Suzanne', '29 Rue Anne de Poitiers', '37260', 'Monts', '1993-05-14', 'chaurand.suz@hotmail.com', '2018-01-01', '2018-07-01'),
(59, 'VILLEMAGNE', 'Marcelle', '48 Impasse Archambaud', '37250', 'Veigné', '1965-05-14', 'villemagne.family@hotmail.com', '2018-01-01', '2018-07-01'),
(60, 'VILLEMAGNE', 'Marcel', '48 Impasse Archambaud', '37250', 'Veigné', '1965-02-02', 'villemagne.family@hotmail.com', '2018-01-01', '2018-07-01'),
(61, 'VILLEMAGNE', 'Claude', '48 Impasse Archambaud', '37250', 'Veigné', '1980-05-24', 'villemagne.family@hotmail.com', '2018-01-01', '2018-07-01'),
(62, 'VILLEMAGNE', 'Pierre', '48 Impasse Archambaud', '37250', 'Veigné', '1983-04-11', 'villemagne.family@hotmail.com', '2018-01-01', '2018-07-01'),
(63, 'VILLEMAGNE', 'Mélanie', '48 Impasse Archambaud', '37250', 'Veigné', '1986-03-05', 'villemagne.family@hotmail.com', '2018-01-01', '2018-07-01'),
(64, 'DALMIERES', 'Maxence', '12 Avenue des Marchés', '37250', 'Veigné', '1958-12-12', '', '2018-01-01', '2018-07-01'),
(65, 'DALMIERES', 'Pierrette', '12 Avenue des Marchés', '37250', 'Veigné', '1959-10-25', '', '2018-01-01', '2018-07-01'),
(66, 'CHAUVIN', 'Juliette', '3 rue des Capucins', '37250', 'Montbazon', '1972-05-24', '', '2018-01-01', '2018-07-01'),
(67, 'CHAUVIN', 'Stéphane', '3 rue des Capucins', '37250', 'Montbazon', '1970-02-28', '', '2018-01-01', '2018-07-01'),
(68, 'BREMOND', 'Arianne', '01 chemin clos cavalier', '37250', 'Montbazon', '1975-01-25', 'familleBremond@free.fr', '2018-01-01', '2018-07-01'),
(69, 'BREMOND', 'Léon', '01 chemin clos cavalier', '37250', 'Montbazon', '1970-04-27', 'familleBremond@free.fr', '2018-01-01', '2018-07-01'),
(70, 'BREMOND', 'Carine', '01 chemin clos cavalier', '37250', 'Montbazon', '1998-05-01', 'familleBremond@free.fr', '2018-01-01', '2018-07-01'),
(71, 'BREMOND', 'Eloise', '01 chemin clos cavalier', '37250', 'Montbazon', '2000-01-01', 'familleBremond@free.fr', '2018-01-01', '2018-07-01'),
(72, 'BREMOND', 'Mariette', '01 chemin clos cavalier', '37250', 'Montbazon', '2001-02-26', 'familleBremond@free.fr', '2018-01-01', '2018-07-01'),
(73, 'MAGNIN', 'Jules', '25 Rue Nicolas Appert', '37250', 'Montbazon', '1958-09-24', 'MagninAndCo@wanadoo.fr', '2018-01-01', '2018-07-01'),
(74, 'MAGNIN', 'Lucie', '25 Rue Nicolas Appert', '37250', 'Montbazon', '1959-09-23', 'MagninAndCo@wanadoo.fr', '2018-01-01', '2018-07-01'),
(75, 'MAGNIN', 'Patrick', '25 Rue Nicolas Appert', '37250', 'Montbazon', '1998-05-18', 'MagninAndCo@wanadoo.fr', '2018-01-01', '2018-07-01'),
(76, 'MAGNIN', 'Séverine', '25 Rue Nicolas Appert', '37250', 'Montbazon', '2000-07-18', 'MagninAndCo@wanadoo.fr', '2018-01-01', '2018-07-01'),
(77, 'NATAIRE', 'André', 'Chemin de la Dragonette', '37000', 'Tours', '1978-02-25', 'nataire.family@hotmail.com', '2018-01-01', '2018-07-01'),
(78, 'NATAIRE', 'Maryvonne', 'Chemin de la Dragonette', '37000', 'Tours', '2002-06-24', 'nataire.family@hotmail.com', '2018-01-01', '2018-07-01'),
(79, 'NATAIRE', 'Lucien', 'Chemin de la Dragonette', '37000', 'Tours', '2006-03-03', 'nataire.family@hotmail.com', '2018-01-01', '2018-07-01'),
(80, 'NATAIRE', 'Aurore', 'Chemin de la Dragonette', '37000', 'Tours', '2008-02-23', 'nataire.family@hotmail.com', '2018-01-01', '2018-07-01'),
(81, 'MAGNIER', 'Léonard', '6 Chemin des Cades', '37170', 'Chambray les Tours', '1970-10-15', 'magnierLeonard@free.fr', '2018-01-01', '2018-07-01'),
(82, 'DURAND', 'Louis', '18 Avenue Mirabeau', '37170', 'Chambray les Tours', '1976-07-05', 'durand.loulou@orange.fr', '2018-01-01', '2018-07-01'),
(83, 'THIBAULT', 'Jean-Marc', '12 Boulevard Pasteur', '37000', 'Tours', '1954-01-06', 'thibault-tribu@free.com', '2018-01-01', '2018-07-01'),
(84, 'THIBAULT', 'Aline', '12 Boulevard Pasteur', '37000', 'Tours', '1955-12-06', 'thibault-tribu@free.com', '2018-01-01', '2018-07-01'),
(85, 'THIBAULT', 'Charles-Edouard', '12 Boulevard Pasteur', '37000', 'Tours', '1980-06-08', 'thibault-tribu@free.com', '2018-01-01', '2018-07-01'),
(86, 'THIBAULT', 'Julien', '12 Boulevard Pasteur', '37000', 'Tours', '1977-08-09', 'thibault-tribu@free.com', '2018-01-01', '2018-07-01'),
(87, 'THIBAULT', 'Giséle', '12 Boulevard Pasteur', '37000', 'Tours', '1985-12-06', 'thibault-tribu@free.com', '2018-01-01', '2018-07-01'),
(88, 'MORINO', 'Stéphanie', '10 Boulevard Félix Gras', '37260', 'Monts', '1958-08-15', 'stef.morino@orange.fr', '2018-01-01', '2018-07-01'),
(89, 'GREDIN', 'Kévin', '03 Allée des Acacias', '37250', 'Veigné', '1970-01-31', 'gredin.klfla@free.com', '2018-01-01', '2018-07-01'),
(90, 'GREDIN', 'Linette', '03 Allée des Acacias', '37250', 'Veigné', '1972-02-08', 'gredin.klfla@free.com', '2018-01-01', '2018-07-01'),
(91, 'GREDIN', 'Frédérique', '03 Allée des Acacias', '37250', 'Veigné', '1998-03-30', 'gredin.klfla@free.com', '2018-01-01', '2018-07-01'),
(92, 'GREDIN', 'Léo', '03 Allée des Acacias', '37250', 'Veigné', '1998-05-29', 'gredin.klfla@free.com', '2018-01-01', '2018-07-01'),
(93, 'GREDIN', 'Adrien', '03 Allée des Acacias', '37250', 'Veigné', '2000-06-14', 'gredin.klfla@free.com', '2018-01-01', '2018-07-01'),
(94, 'MOUSSIER', 'Emmanuel', '33 rue des Capucins', '37250', 'Montbazon', '1980-06-10', 'manuMoussier@gmail.com', '2018-01-01', '2018-07-01'),
(95, 'MOUSSIER', 'Mariette', '33 rue des Capucins', '37250', 'Montbazon', '1982-04-15', 'manuMoussier@gmail.com', '2018-01-01', '2018-07-01'),
(96, 'PAPIN', 'Suzanne', '11 Rue Anne de Poitiers', '37260', 'Monts', '1993-05-24', 'Papin_suzanne@hotmail.com', '2018-01-01', '2018-07-01'),
(97, 'MURAT', 'Marcelle', '03  chemin clos cavalier', '37250', 'Veigné', '1965-05-14', 'murat.mmCpm@hotmail.com', '2018-01-01', '2018-07-01'),
(98, 'MURAT', 'Marcel', '03  chemin clos cavalier', '37250', 'Veigné', '1965-01-02', 'murat.mmCpm@hotmail.com', '2018-01-01', '2018-07-01'),
(99, 'MURAT', 'Claude', '03  chemin clos cavalier', '37250', 'Veigné', '1980-07-24', 'murat.mmCpm@hotmail.com', '2018-01-01', '2018-07-01'),
(100, 'MURAT', 'Pierre', '03  chemin clos cavalier', '37250', 'Veigné', '1983-09-11', 'murat.mmCpm@hotmail.com', '2018-01-01', '2018-07-01'),
(101, 'MURAT', 'Mélanie', '03  chemin clos cavalier', '37250', 'Veigné', '1986-02-05', 'murat.mmCpm@hotmail.com', '2018-01-01', '2018-07-01'),
(102, 'DALMIERES', 'Maxence', '08 Impasse Calendou', '37250', 'Veigné', '1958-10-12', '', '2018-01-01', '2018-07-01'),
(103, 'DALMIERES', 'Pierrette', '08 Impasse Calendou', '37250', 'Veigné', '1959-11-25', '', '2018-01-01', '2018-07-01'),
(104, 'DUPOND', 'Juliette', '02 Impasse Calendou', '37250', 'Montbazon', '1972-07-24', '', '2018-01-01', '2018-07-01'),
(105, 'DUPOND', 'Stéphane', '02 Impasse Calendou', '37250', 'Montbazon', '1970-01-28', '', '2018-01-01', '2018-07-01'),
(106, 'BRUNELEAU', 'Arianne', '15 Avenue des Marchés', '37250', 'Montbazon', '1975-08-25', 'bruneleauAndCo@free.fr', '2018-01-01', '2018-07-01'),
(107, 'BRUNELEAU', 'Léon', '15 Avenue des Marchés', '37250', 'Montbazon', '1970-07-27', 'bruneleauAndCo@free.fr', '2018-01-01', '2018-07-01'),
(108, 'BRUNELEAU', 'Carine', '15 Avenue des Marchés', '37250', 'Montbazon', '1998-06-01', 'bruneleauAndCo@free.fr', '2018-01-01', '2018-07-01'),
(109, 'BRUNELEAU', 'Eloise', '15 Avenue des Marchés', '37250', 'Montbazon', '2000-02-01', 'bruneleauAndCo@free.fr', '2018-01-01', '2018-07-01'),
(110, 'BRUNELEAU', 'Mariette', '15 Avenue des Marchés', '37250', 'Montbazon', '2001-09-26', 'bruneleauAndCo@free.fr', '2018-01-01', '2018-07-01'),
(111, 'POUTEAU', 'Jules', '08 Impasse George Sand ', '37250', 'Montbazon', '1958-07-22', 'pouteauFamille@wanadoo.fr', '2018-01-01', '2018-07-01'),
(112, 'POUTEAU', 'Lucie', '08 Impasse George Sand ', '37250', 'Montbazon', '1959-08-20', 'pouteauFamille@wanadoo.fr', '2018-01-01', '2018-07-01'),
(113, 'POUTEAU', 'Patrick', '08 Impasse George Sand ', '37250', 'Montbazon', '1998-03-15', 'pouteauFamille@wanadoo.fr', '2018-01-01', '2018-07-01'),
(114, 'POUTEAU', 'Séverine', '08 Impasse George Sand ', '37250', 'Montbazon', '2000-04-05', 'pouteauFamille@wanadoo.fr', '2018-01-01', '2018-07-01'),
(115, 'LORIOT', 'Ludovic', '02 Allée des Cèdres', '37000', 'Tours', '1968-02-14', 'tribuLoriot37@hotmail.com', '2018-01-01', '2018-07-01'),
(116, 'LORIOT', 'Germaine', '02 Allée des Cèdres', '37000', 'Tours', '2002-08-24', 'tribuLoriot37@hotmail.com', '2018-01-01', '2018-07-01'),
(117, 'LORIOT', 'Léon', '02 Allée des Cèdres', '37000', 'Tours', '2004-03-14', 'tribuLoriot37@hotmail.com', '2018-01-01', '2018-07-01'),
(118, 'LORIOT', 'Marine', '02 Allée des Cèdres', '37000', 'Tours', '2006-08-23', 'tribuLoriot37@hotmail.com', '2018-01-01', '2018-07-01'),
(119, 'PORET', 'Marie', '04 Allée des Amandiers', '37170', 'Chambray les Tours', '1960-11-15', 'M.poret@free.fr', '2018-01-01', '2018-07-01'),
(120, 'CARRE', 'André', '04 Allée des Amandiers', '37170', 'Chambray les Tours', '1965-08-05', 'andre.carre@orange.fr', '2018-01-01', '2018-07-01'),
(121, 'VIVET', 'Eléonord', '8 rue du Château', '37000', 'Tours', '1964-08-16', 'vivet.ejggc@hotmail.com', '2018-01-01', '2018-07-01'),
(122, 'VIVET', 'Jean', '8 rue du Château', '37000', 'Tours', '1970-12-09', 'vivet.ejggc@hotmail.com', '2018-01-01', '2018-07-01'),
(123, 'VIVET', 'Gontrand', '8 rue du Château', '37000', 'Tours', '1990-02-09', 'vivet.ejggc@hotmail.com', '2018-01-01', '2018-07-01'),
(124, 'VIVET', 'Genséric', '8 rue du Château', '37000', 'Tours', '1995-08-28', 'vivet.ejggc@hotmail.com', '2018-01-01', '2018-07-01'),
(125, 'VIVET', 'Charles', '8 rue du Château', '37000', 'Tours', '1997-10-27', 'vivet.ejggc@hotmail.com', '2018-01-01', '2018-07-01'),
(126, 'COURBET', 'Orlane', '10 Boulevard Félix Gras', '37260', 'Monts', '1975-05-09', 'orlane.courbet@orange.fr', '2018-01-01', '2018-07-01'),
(127, 'DELVIGNE', 'Jérôme', '6 rue des Douves', '37250', 'Veigné', '1975-05-29', 'delvigne.j@hotmail.com@free.com', '2018-01-01', '2018-07-01'),
(128, 'DELVIGNE', 'Anne', '6 rue des Douves', '37250', 'Veigné', '1973-06-07', 'delvigne.j@hotmail.com@free.com', '2018-01-01', '2018-07-01'),
(129, 'DELVIGNE', 'Pacôme', '6 rue des Douves', '37250', 'Veigné', '1999-05-29', 'delvigne.j@hotmail.com@free.com', '2018-01-01', '2018-07-01'),
(130, 'DELVIGNE', 'Clovis', '6 rue des Douves', '37250', 'Veigné', '1996-05-29', 'delvigne.j@hotmail.com@free.com', '2018-01-01', '2018-07-01'),
(131, 'DELVIGNE', 'Aglaé', '6 rue des Douves', '37250', 'Veigné', '2000-07-14', 'delvigne.j@hotmail.com@free.com', '2018-01-01', '2018-07-01'),
(132, 'BAUER', 'Laurent', '10 rue des Douves', '37250', 'Montbazon', '1975-06-29', 'bauerll@gmail.com', '2018-01-01', '2018-07-01'),
(133, 'BAUER', 'Laurence', '10 rue des Douves', '37250', 'Montbazon', '1982-02-27', 'bauerll@gmail.com', '2018-01-01', '2018-07-01'),
(134, 'LAREN', 'Hariette', '14 Rue Anne de Poitiers', '37260', 'Monts', '1963-05-17', 'mamielaren@hotmail.com', '2018-01-01', '2018-07-01'),
(135, 'MARTINEZ', 'Sophie', '2 Impasse de la Farte', '37250', 'Veigné', '1976-06-21', 'martinez.soph@hotmail.com', '2018-01-01', '2018-07-01'),
(136, 'MARTINEZ', 'Maxime', '2 Impasse de la Farte', '37250', 'Veigné', '1976-02-06', 'martinez.soph@hotmail.com', '2018-01-01', '2018-07-01'),
(137, 'MARTINEZ', 'Martin', '2 Impasse de la Farte', '37250', 'Veigné', '2001-05-29', 'martinez.soph@hotmail.com', '2018-01-01', '2018-07-01'),
(138, 'MARTINEZ', 'Jules', '2 Impasse de la Farte', '37250', 'Veigné', '2001-05-29', 'martinez.soph@hotmail.com', '2018-01-01', '2018-07-01'),
(139, 'MARTINEZ', 'Charles', '2 Impasse de la Farte', '37250', 'Veigné', '2003-10-26', 'martinez.soph@hotmail.com', '2018-01-01', '2018-07-01'),
(140, 'LEFEVRE', 'Charlotte', '10 rue du Château', '37250', 'Veigné', '1948-05-27', 'lefevre.cp@free.fr', '2018-01-01', '2018-07-01'),
(141, 'LEFEVRE', 'Pierre', '10 rue du Château', '37250', 'Veigné', '1946-04-11', 'lefevre.cp@free.fr', '2018-01-01', '2018-07-01'),
(142, 'MARIN', 'Margot', '12 rue des Douves', '37250', 'Montbazon', '1974-09-29', '', '2018-01-01', '2018-07-01'),
(143, 'MARIN', 'Christophe', '12 rue des Douves', '37250', 'Montbazon', '1975-07-19', '', '2018-01-01', '2018-07-01'),
(144, 'PROUTEAU', 'Arthur', '10 Allée des Cèdres', '37250', 'Montbazon', '1964-05-29', 'prouteauFamille@free.fr', '2018-01-01', '2018-07-01'),
(145, 'PROUTEAU', 'Nora', '10 Allée des Cèdres', '37250', 'Montbazon', '1965-07-14', 'prouteauFamille@free.fr', '2018-01-01', '2018-07-01'),
(146, 'PROUTEAU', 'Paul', '10 Allée des Cèdres', '37250', 'Montbazon', '1998-06-29', 'prouteauFamille@free.fr', '2018-01-01', '2018-07-01'),
(147, 'PROUTEAU', 'Eden', '10 Allée des Cèdres', '37250', 'Montbazon', '2000-01-31', 'prouteauFamille@free.fr', '2018-01-01', '2018-07-01'),
(148, 'PROUTEAU', 'Camille', '10 Allée des Cèdres', '37250', 'Montbazon', '2001-12-29', 'prouteauFamille@free.fr', '2018-01-01', '2018-07-01'),
(149, 'MORINIERE', 'Thomas', '5 rue du Mail ', '37250', 'Montbazon', '1955-08-27', 't.morinière@wanadoo.fr', '2018-01-01', '2018-07-01'),
(150, 'MORINIERE', 'Célia', '5 rue du Mail ', '37250', 'Montbazon', '1956-12-15', 't.morinière@wanadoo.fr', '2018-01-01', '2018-07-01'),
(151, 'MORINIERE', 'Mathis', '5 rue du Mail ', '37250', 'Montbazon', '1985-02-27', 't.morinière@wanadoo.fr', '2018-01-01', '2018-07-01'),
(152, 'MORINIERE', 'Rémi', '5 rue du Mail ', '37250', 'Montbazon', '1987-09-18', 't.morinière@wanadoo.fr', '2018-01-01', '2018-07-01'),
(153, 'HERVY', 'Luc', '10 Allée des Cèdres', '37000', 'Tours', '1968-02-14', 'hervy.luc@hotmail.com', '2018-01-01', '2018-07-01'),
(154, 'HERVY', 'Jeanne', '10 Allée des Cèdres', '37000', 'Tours', '2002-08-24', 'hervy.Jeanne@hotmail.com', '2018-01-01', '2018-07-01'),
(155, 'HERVY', 'Léon', '10 Allée des Cèdres', '37000', 'Tours', '2004-03-14', 'hervy.leon@hotmail.com', '2018-01-01', '2018-07-01'),
(156, 'CHAUVIN', 'Jérôme', '14 rue du Château', '37000', 'Tours', '1956-05-29', 'chauvinTribuJ@hotmail.com', '2018-01-01', '2018-07-01'),
(157, 'CHAUVIN', 'Séverine', '14 rue du Château', '37000', 'Tours', '1960-08-29', 'chauvinTribuJ@hotmail.com', '2018-01-01', '2018-07-01'),
(158, 'CHAUVIN', 'Maurice', '14 rue du Château', '37000', 'Tours', '2000-01-01', 'chauvinTribuJ@hotmail.com', '2018-01-01', '2018-07-01'),
(160, 'BLANCSEC', 'Adèle', '12 rue des alouettes', '37000', 'Tours', '1960-06-08', 'bsadele@free.fr', '1981-01-16', '1982-01-16'),
(161, 'JOURDAN', 'Gil', '25 rue des mouettes', '37000', 'Tours', '1978-05-02', 'jourdanG@free.fr', '2008-09-23', '2009-09-23'),
(162, 'BLUEBERRY', 'Mike steve', '15 bv des Anglais', '37000', 'Tours', '1966-04-05', 'blueberMike@free.fr', '1999-07-27', '2000-07-27'),
(163, 'BRADEFER', 'Luc', '12 impasse des Lilas', '37000', 'Tours', '1965-12-01', 'bradLuce@free.fr', '1988-07-30', '1989-07-30'),
(164, 'BLANDY', 'Jessica', '65 rue des Chnes', '37000', 'Tours', '1975-10-25', 'blanJess@free.fr', '1997-10-04', '1998-10-04'),
(165, 'BERLINGOT', 'Suzette', '3 impasse des Jonquilles', '37000', 'Tours', '1978-08-04', 'suzette3756@free.fr', '2008-04-09', '2009-04-09'),
(166, 'BRIOCHIN', 'Eusèbe zéphyrin', '8 impasse des Tulipes', '37000', 'Tours', '1958-11-15', 'eusebeZeph@free.fr', '1988-09-08', '1989-09-08'),
(167, 'DANNY', 'Buck', '3 r Commerce', '37000', 'Tours', '1985-12-12', 'buckbuck37@free.fr', '2006-10-23', '2007-10-23'),
(168, 'TALON', 'Achille', '8 allée Jules Ferry', '37000', 'Tours', '1960-02-09', 'talon346@free.fr', '1994-10-22', '1995-10-22'),
(169, 'LAGAFFE', 'Gaston', '9 rue des Ancres', '37530', 'Pocé sur Cisse', '1970-10-12', 'gaston98@free.fr', '2003-06-11', '2004-06-11'),
(170, 'LACRYMO', 'Eugène', '42 allée Voltaire', '37000', 'Tours', '1970-06-08', 'furymax@free.fr', '1991-04-03', '1992-04-03'),
(171, 'DELTOIDE', 'Martial', '2 rue des Marronniers', '37000', 'Tours', '1974-05-06', 'deltoidemar@free.fr', '1997-03-16', '1998-03-16'),
(172, 'HOCHET', 'Rick', '3 impasse des Lilas', '37000', 'Tours', '1975-12-26', 'rick37@free.fr', '1997-04-27', '1998-04-27'),
(173, 'LANDOUYE', 'Basile', '8 rue Albert Camus', '37000', 'Tours', '1975-04-15', 'basileLa37@free.fr', '1997-06-08', '1998-06-08'),
(174, 'KRAMPON', 'Eugène', '56 allée Jules Vernes', '37300', 'Joué les Tours', '1981-12-20', 'krampon689@free.fr', '2003-09-11', '2004-09-11'),
(175, 'GOREIRO', 'Manuel', '2 allée de la fontaine', '37000', 'Tours', '1975-06-15', 'manuh69@free.fr', '2004-05-27', '2005-05-27'),
(176, 'DUPILON', 'Célestin', '9 rue des Fripouilles', '37300', 'Joué les Tours', '1962-09-27', 'dupilo.cle@free.fr', '1992-09-23', '1993-09-23'),
(177, 'FUTU', 'Cyprien', '5 rue Arsène Lupin', '37000', 'Tours', '1980-04-29', 'futu-cyprien@free.fr', '2011-06-12', '2012-06-12'),
(178, 'COTTINE', 'Giovanni', '99 bvd Pierre Perret', '37176', 'Chambray ls Tours', '1964-08-26', 'cottine37@free.fr', '1996-05-01', '1997-05-01'),
(179, 'DE MESMAEKER', 'Aimé', '4 rue Picasso', '37000', 'Tours', '1964-12-04', 'demesaime@free.fr', '1990-12-22', '1991-12-22'),
(180, 'PONCHELOT', 'Nicolas', '8 rue nationale', '37000', 'Tours', '1966-05-12', 'NicoPonch@free.fr', '1997-05-14', '1998-05-14'),
(181, 'PADDLE', 'Kid', '9 allée Jules Petit', '37000', 'Tours', '1966-04-09', 'kidpad39@free.fr', '1999-08-01', '2000-08-01'),
(182, 'CHOUKROUNE', 'Alphonse', '65 rue Jean Jaurs', '37000', 'Tours', '1972-04-16', 'alphChou@free.fr', '1995-03-22', '1996-03-22'),
(183, 'MAURANE', 'Bob', '5 rue Albert Einstein', '37300', 'Joué les Tours', '1980-02-28', 'boby87bob@free.fr', '2007-04-22', '2008-04-22'),
(184, 'TOUGOURE', 'Tuté', '9 rue Franquin', '37530', 'Pocé sur Cisse', '1974-12-25', 'tutu89@free.fr', '2006-08-27', '2007-08-27'),
(185, 'PALMER', 'Jack', '57 bvd Dupuis', '37000', 'Tours', '1979-12-29', 'jackjack@free.fr', '2002-12-13', '2003-12-13'),
(186, 'DE BONATE', 'Bricard', '3 rue Jules Renard', '37000', 'Tours', '1965-03-24', 'bricardBonate@free.fr', '1996-01-31', '1997-01-31'),
(187, 'CALOT', 'Léontine', '9 allée Franoise Sagan', '37000', 'Tours', '1961-11-05', 'LeonClaot@free.fr', '1998-06-17', '1999-06-17'),
(188, 'CORTIZONE', 'Vito', '24 rue des la Fontaine', '37530', 'Pocé sur Cisse', '1963-04-29', 'vitoladeveine@free.fr', '1995-07-24', '1996-07-24'),
(189, 'DELASTRE', 'Caroline', '9 bvd Eustache', '37400', 'Amboise', '1962-05-16', 'carolineDelastreh@free.fr', '1990-05-11', '1991-05-11'),
(190, 'HELENA', 'John', '21 rue Edouard Vaillant', '37000', 'Tours', '1969-07-14', 'JohnJohn358@free.fr', '2000-11-20', '2001-11-20'),
(191, 'CAN', 'Jerry', '46 bvddes Belges', '37000', 'Tours', '1982-05-14', 'JeeryetTom@free.fr', '2006-03-05', '2007-03-05'),
(192, 'STAHL', 'Kassandra', '56 bvd Descartes', '37400', 'Amboise', '1964-12-09', 'KassanStahl@free.fr', '1995-01-31', '1996-01-31'),
(193, 'PRUNELLE', 'Léon', '4 impasse Victor Hugo', '37000', 'Tours', '1962-02-18', 'LeonleBourdon37@free.fr', '1985-09-18', '1986-09-18'),
(194, 'HADDOCK', 'Archibald', '8 impasse des Violettes', '37000', 'Tours', '1967-07-08', 'ArchibaldestDeRetour@free.fr', '2006-04-17', '2007-04-17'),
(195, 'BLAKE', 'Francis', '8 impasse des Tulipes', '37000', 'Tours', '1958-07-09', 'Francis37blake@free.fr', '1980-05-23', '1981-05-23'),
(196, 'MOLLET', 'Valentine', '52 rue de la Joconde', '37300', 'Joué les Tours', '1962-02-09', 'mollet.valentine@free.fr', '1986-08-29', '1987-08-29'),
(197, 'DUPUIS', 'Antoine', '12 rue des Saules Pleureurs', '37000', 'Tours', '1999-06-08', 'toto37@free.fr', '2004-02-21', '2005-02-21'),
(198, 'DUPOND', 'Quentin', '25 rue des Marsouins', '37000', 'Tours', '1999-05-02', 'dupondQ@free.fr', '2004-05-06', '2005-05-06'),
(199, 'BERNARDEAU', 'Matthieu', '18 bv des Bleuets', '37000', 'Tours', '2000-04-05', 'mathBer@free.fr', '2011-12-19', '2012-12-19'),
(200, 'MOREAU', 'Luc', '12 impasse des Lilas', '37000', 'Tours', '1999-12-01', 'moreauLuc37@free.fr', '2010-01-14', '2011-01-14'),
(201, 'BAUDOIN', 'Clément', '65 rue des Lilas', '37000', 'Tours', '2000-10-25', 'baudouin3756@free.fr', '2011-11-23', '2012-11-23'),
(202, 'RENAUD', 'Lucie', '3 impasse des Jonquilles', '37000', 'Tours', '1999-08-04', 'lucie.Renaud37@free.fr', '2010-08-28', '2011-08-28'),
(203, 'PROUTAU', 'Louise', '8 impasse des Tulipes', '37000', 'Tours', '1998-11-15', 'Louise.prouteau25@free.fr', '2009-11-22', '2010-11-22'),
(204, 'DELBARD', 'Nathan', '3 allée des frnes', '37000', 'Tours', '2001-12-12', 'natnat987@free.fr', '2012-05-29', '2013-05-29'),
(205, 'BRUAND', 'Lucas', '8 rue Jules Renard', '37000', 'Tours', '1999-02-09', 'BruandLucas378@free.fr', '2010-07-11', '2011-07-11'),
(206, 'LACMAN', 'Thomas', '9 rue des Villages bretons', '37530', 'Pocé sur Cisse', '2001-10-12', 'Lamcan32587@free.fr', '2013-06-08', '2014-06-08'),
(207, 'MAMY', 'Héliot', '42 rue Voltaire', '37000', 'Tours', '2001-06-08', 'dragon468@free.fr', '2012-02-03', '2013-02-03'),
(208, 'MAQUET', 'Rémi', '2 rue des Chnes', '37000', 'Tours', '2002-05-06', 'sanfamille96@free.fr', '2014-06-30', '2015-04-30'),
(209, 'VERDI', 'Julien', '3 impasse des Abesses', '37000', 'Tours', '2000-12-26', 'Verdi.Julien36@free.fr', '2011-08-30', '2012-08-30'),
(210, 'WIARD', 'Fabien', '8 rue Albert Camus', '37000', 'Tours', '2000-04-15', 'wiard-juju@free.fr', '2011-06-22', '2012-06-22'),
(211, 'VERDIER', 'Frederic', '56 rue Jules Ferry', '37260', 'Monts', '1998-12-20', 'furax99@free.fr', '2010-03-17', '2011-03-17'),
(212, 'LOUAYER', 'Simon', '2 rue de la fontaine', '37000', 'Tours', '2000-06-15', 'simonLouayer@free.fr', '2011-07-31', '2012-07-31'),
(213, 'VASET', 'Rémi', '9 rue des Alouettes', '37260', 'Monts', '1998-09-27', 'vaset.Remi@free.fr', '2009-06-02', '2010-06-02'),
(214, 'VALE', 'Cyprien', '5 rue Arsne Lupin', '37000', 'Tours', '1999-04-29', 'Vale37Cyprien98@free.fr', '2009-09-21', '2010-09-21'),
(215, 'MAHEAUT', 'Léo', '99 impasse Pierre De La Fontaine', '37300', 'Joué Les Tours', '2000-08-26', 'LeoBipBip@free.fr', '2011-02-06', '2012-02-06'),
(216, 'PARMENTIER', 'Lilou', '4 rue Picasso', '37000', 'Tours', '2000-12-04', 'LilouPar34@free.fr', '2011-01-22', '2012-01-22'),
(217, 'HERVE', 'Léa', '8 rue des Pensées', '37000', 'Tours', '2000-05-12', 'HerveLeaLeon@free.fr', '2011-06-30', '2012-06-30'),
(218, 'COL', 'Charlotte', '9 rue Jules et Jim', '37000', 'Tours', '2000-04-09', 'Chacha37@free.fr', '2011-09-21', '2012-09-21'),
(219, 'SUIRE', 'Lucas', '65 rue Jean Jaurs', '37000', 'Tours', '1999-04-16', 'Suire.lucas@free.fr', '2010-09-02', '2011-09-02'),
(220, 'RAVAILLEAU', 'Célia', '5 rue Albert de Monaco', '37260', 'Monts', '1999-02-28', 'Celia.ravailleau@free.fr', '2010-03-23', '2011-03-23'),
(221, 'GRANGE', 'Paul', '9 rue Franquin', '37530', 'Pocé sur Cisse', '2002-12-25', 'Paul.Grange@free.fr', '2014-11-24', '2014-11-24'),
(222, 'LEROY', 'Marie', '57 impasse Dupuis', '37000', 'Tours', '1999-12-29', 'Marie698Leroy@free.fr', '2010-11-07', '2011-11-07'),
(223, 'TALON', 'Julie', '8 allée Jules Ferry', '37000', 'Tours', '1960-09-19', 'talon346@free.fr', '0000-00-00', '1968-09-19'),
(224, 'PRUNELLE', 'Pauline', '4 impasse Victor Hugo', '37000', 'Tours', '1964-08-26', 'PaulinePru37@free.fr', '0000-00-00', '1972-08-26'),
(225, 'HADDOCK', 'Mélusine', '8 impasse des Violettes', '37000', 'Tours', '2001-05-12', '', '0000-00-00', '2009-05-12'),
(226, 'BLAKE', 'Chloé', '8 impasse des Tulipes', '37000', 'Tours', '1999-08-12', 'Francis37blake@free.fr', '0000-00-00', '2007-08-12'),
(227, 'BLAKE', 'Louis', '8 impasse des Tulipes', '37000', 'Tours', '2001-07-21', 'Francis37blake@free.fr', '0000-00-00', '2009-07-21'),
(228, 'TALON', 'Léon', '8 allée Jules Ferry', '37000', 'Tours', '2000-05-25', 'talon346@free.fr', '0000-00-00', '2008-05-25'),
(229, 'TALON', 'Arthur', '8 allée Jules Ferry', '37000', 'Tours', '2000-05-25', 'talon346@free.fr', '0000-00-00', '2008-05-25'),
(230, 'MOLLET', 'Juliette', '52 rue de la Joconde', '37300', 'Joué les Tours', '2001-11-28', 'mollet.valentine@free.fr', '0000-00-00', '2009-11-28'),
(231, 'MOLLET', 'Jade', '52 rue de la Joconde', '37300', 'Joué les Tours', '2003-09-11', 'mollet.valentine@free.fr', '0000-00-00', '2011-09-11'),
(232, 'PRUNELLE', 'Marc', '4 impasse Victor Hugo', '37000', 'Tours', '1999-08-01', 'LeonleBourdon37@free.fr', '0000-00-00', '2007-08-01'),
(233, 'DUPILON', 'Albert', '9 rue des Fripouilles', '37300', 'Joué les Tours', '1998-03-16', 'dupilo.alb@free.fr', '0000-00-00', '2006-03-16'),
(234, 'DUPILON', 'Marine', '9 rue des Fripouilles', '37300', 'Joué les Tours', '1999-07-27', '', '0000-00-00', '2007-07-27'),
(235, 'DUPILON', 'Alphonse', '9 rue des Fripouilles', '37300', 'Joué les Tours', '2004-06-19', '', '0000-00-00', '2012-06-19'),
(236, 'CORTIZONE', 'Maria', '24 rue des la Fontaine', '37530', 'Pocé sur Cisse', '1996-08-22', '', '0000-00-00', '2004-08-22'),
(237, 'CORTIZONE', 'Paula', '24 rue des la Fontaine', '37530', 'Pocé sur Cisse', '1980-04-25', 'Paulaladeveine@free.fr', '0000-00-00', '1988-04-25'),
(238, 'CORTIZONE', 'Esteban', '24 rue des la Fontaine', '37530', 'Pocé sur Cisse', '1985-12-21', 'Teteladeveine@free.fr', '0000-00-00', '1993-12-21'),
(239, 'BRADEFER', 'Hugo', '12 impasse des Lilas', '37000', 'Tours', '1986-01-18', 'bradHugo37@free.fr', '0000-00-00', '1994-01-18'),
(240, 'BRADEFER', 'Martin', '12 impasse des Lilas', '37000', 'Tours', '1989-07-08', '', '0000-00-00', '1997-07-08'),
(241, 'BRADEFER', 'Pierre', '12 impasse des Lilas', '37000', 'Tours', '1991-11-03', '', '0000-00-00', '1999-11-03'),
(242, 'PONCHELOT', 'Martine', '8 rue nationale', '37000', 'Tours', '2000-08-25', 'MartinePonch@free.fr', '0000-00-00', '2008-08-25'),
(243, 'PONCHELOT', 'Patricia', '8 rue nationale', '37000', 'Tours', '2002-10-13', 'PatriciaPonch@free.fr', '0000-00-00', '2010-10-13'),
(244, 'PONCHELOT', 'Laurine', '8 rue nationale', '37000', 'Tours', '1999-09-11', 'LaurinePonch@free.fr', '0000-00-00', '2007-09-11'),
(245, 'HADDOCK', 'Quentin', '8 impasse des Violettes', '37000', 'Tours', '2003-02-21', '', '0000-00-00', '2011-02-21'),
(246, 'LAGAFFE', 'Violette', '9 rue des Ancres', '37530', 'Pocé sur Cisse', '1998-11-08', 'gaston98@free.fr', '0000-00-00', '2006-11-08'),
(247, 'LAGAFFE', 'Suzette', '9 rue des Ancres', '37530', 'Pocé sur Cisse', '1996-09-28', 'gaston98@free.fr', '0000-00-00', '2004-09-28'),
(248, 'BERLINGOT', 'Vertignasse', '3 impasse des Jonquilles', '37000', 'Tours', '2000-12-25', 'VertiSuze3756@free.fr', '0000-00-00', '2008-12-25'),
(249, 'FUTU', 'Thiméo', '5 rue Arsène Lupin', '37000', 'Tours', '2001-05-14', '', '0000-00-00', '2009-05-14'),
(250, 'KRAMPON', 'Adélaïde', '56 allée Jules Vernes', '37300', 'Joué les Tours', '2003-12-25', '', '0000-00-00', '2011-12-25'),
(251, 'KRAMPON', 'Théo', '56 allée Jules Vernes', '37300', 'Joué les Tours', '2004-08-19', '', '0000-00-00', '2012-08-19'),
(252, 'KRAMPON', 'Eugénie', '56 allée Jules Vernes', '37300', 'Joué les Tours', '2000-12-20', 'krampon689@free.fr', '0000-00-00', '2003-11-11'),
(253, 'ARTEMUS', 'Gordon', 'rue des Mystres', '37000', 'Tours', '1974-04-26', 'grodon.west@free.fr', '1995-01-01', '1995-05-05');

-- --------------------------------------------------------

--
-- Table structure for table `famille_emprunteur`
--

DROP TABLE IF EXISTS `famille_emprunteur`;
CREATE TABLE `famille_emprunteur` (
  `fam_emp_resp` int(11) NOT NULL,
  `fam_emp_dep` int(11) NOT NULL
) ENGINE=InnoDB DEFAULT CHARSET=utf8 COLLATE=utf8_bin;

--
-- Dumping data for table `famille_emprunteur`
--

INSERT INTO `famille_emprunteur` (`fam_emp_resp`, `fam_emp_dep`) VALUES
(1, 2),
(1, 3),
(1, 4),
(7, 8),
(7, 9),
(7, 10),
(7, 11),
(13, 14),
(13, 15),
(13, 16),
(13, 17),
(22, 21),
(22, 23),
(22, 24),
(22, 25),
(30, 31),
(30, 32),
(30, 33),
(30, 34),
(35, 36),
(35, 37),
(35, 38),
(39, 40),
(39, 41),
(39, 42),
(46, 45),
(46, 47),
(46, 48),
(46, 49),
(51, 52),
(51, 53),
(51, 54),
(51, 55),
(59, 60),
(59, 61),
(59, 62),
(59, 63),
(65, 64),
(65, 102),
(65, 103),
(68, 69),
(68, 70),
(68, 71),
(68, 72),
(74, 73),
(74, 75),
(74, 76),
(77, 78),
(77, 79),
(77, 80),
(83, 84),
(83, 85),
(83, 86),
(83, 87),
(89, 90),
(89, 91),
(89, 92),
(89, 93),
(97, 98),
(97, 99),
(97, 100),
(97, 101),
(106, 107),
(106, 108),
(106, 109),
(106, 110),
(111, 112),
(111, 113),
(111, 114),
(115, 116),
(115, 117),
(115, 118),
(121, 122),
(121, 123),
(121, 124),
(121, 125),
(127, 128),
(127, 129),
(127, 130),
(127, 131),
(135, 136),
(135, 137),
(135, 138),
(135, 139),
(144, 145),
(144, 146),
(144, 147),
(144, 148),
(149, 150),
(149, 151),
(149, 152),
(153, 154),
(153, 155),
(156, 157),
(156, 158),
(163, 239),
(163, 240),
(163, 241),
(165, 248),
(168, 223),
(168, 228),
(168, 229),
(169, 246),
(169, 247),
(174, 250),
(174, 251),
(174, 252),
(176, 234),
(176, 235),
(177, 234),
(180, 242),
(180, 243),
(180, 244),
(188, 236),
(188, 237),
(188, 238),
(193, 224),
(193, 232),
(194, 225),
(194, 245),
(195, 226),
(195, 227),
(196, 230),
(196, 231);

-- --------------------------------------------------------

--
-- Table structure for table `participer`
--

DROP TABLE IF EXISTS `participer`;
CREATE TABLE `participer` (
  `numBd` int(11) NOT NULL,
  `numParticipant` int(11) NOT NULL,
  `type` int(11) NOT NULL
) ENGINE=InnoDB DEFAULT CHARSET=utf8 COLLATE=utf8_bin;

--
-- Dumping data for table `participer`
--

INSERT INTO `participer` (`numBd`, `numParticipant`, `type`) VALUES
(210, 2, 0),
(212, 2, 0),
(211, 4, 0),
(211, 4, 1),
(212, 4, 1),
(213, 4, 0),
(213, 4, 1),
(400, 5, 0),
(400, 5, 1),
(401, 5, 0),
(401, 5, 1),
(402, 5, 0),
(402, 5, 1),
(403, 5, 0),
(403, 5, 1),
(404, 5, 0),
(404, 5, 1),
(405, 5, 0),
(405, 5, 1),
(406, 5, 0),
(406, 5, 1),
(407, 5, 0),
(407, 5, 1),
(408, 5, 0),
(408, 5, 1),
(409, 5, 0),
(409, 5, 1),
(410, 5, 0),
(410, 5, 1),
(411, 5, 0),
(411, 5, 1),
(463, 6, 0),
(464, 6, 0),
(465, 6, 0),
(466, 6, 0),
(413, 7, 0),
(170, 8, 0),
(925, 8, 0),
(219, 9, 0),
(219, 9, 1),
(220, 9, 0),
(220, 9, 1),
(221, 9, 0),
(221, 9, 1),
(222, 9, 0),
(222, 9, 1),
(223, 9, 0),
(223, 9, 1),
(224, 9, 0),
(224, 9, 1),
(225, 9, 0),
(225, 9, 1),
(226, 9, 0),
(226, 9, 1),
(227, 9, 0),
(227, 9, 1),
(228, 9, 0),
(228, 9, 1),
(229, 9, 0),
(229, 9, 1),
(37, 10, 0),
(38, 10, 0),
(39, 10, 0),
(40, 10, 0),
(41, 10, 0),
(42, 10, 0),
(43, 10, 0),
(44, 10, 0),
(45, 10, 0),
(46, 10, 0),
(47, 10, 0),
(48, 10, 0),
(49, 10, 0),
(50, 10, 0),
(51, 10, 0),
(52, 10, 0),
(53, 10, 0),
(54, 10, 0),
(55, 10, 0),
(56, 10, 0),
(57, 10, 0),
(58, 10, 0),
(59, 10, 0),
(60, 10, 0),
(61, 10, 0),
(62, 10, 0),
(97, 10, 0),
(98, 10, 0),
(260, 10, 0),
(296, 10, 0),
(374, 10, 0),
(375, 10, 0),
(376, 10, 0),
(377, 10, 0),
(378, 10, 0),
(379, 10, 0),
(380, 10, 0),
(381, 10, 0),
(382, 10, 0),
(383, 10, 0),
(384, 10, 0),
(385, 10, 0),
(386, 10, 0),
(387, 10, 0),
(388, 10, 0),
(389, 10, 0),
(390, 10, 0),
(391, 10, 0),
(392, 10, 0),
(393, 10, 0),
(394, 10, 0),
(395, 10, 0),
(396, 10, 0),
(397, 10, 0),
(398, 10, 0),
(399, 10, 0),
(671, 10, 0),
(673, 10, 0),
(674, 10, 0),
(675, 10, 0),
(676, 10, 0),
(677, 10, 0),
(684, 10, 0),
(685, 10, 0),
(686, 10, 0),
(687, 10, 0),
(688, 10, 0),
(689, 10, 0),
(690, 10, 0),
(691, 10, 0),
(692, 10, 0),
(693, 10, 0),
(694, 10, 0),
(695, 10, 0),
(696, 10, 0),
(697, 10, 0),
(698, 10, 0),
(699, 10, 0),
(928, 10, 0),
(929, 10, 0),
(930, 10, 0),
(931, 10, 0),
(932, 10, 0),
(555, 11, 0),
(556, 11, 0),
(557, 11, 0),
(558, 11, 0),
(559, 11, 0),
(560, 11, 0),
(561, 11, 0),
(562, 11, 0),
(643, 11, 0),
(644, 11, 0),
(645, 11, 0),
(646, 11, 0),
(647, 11, 0),
(648, 11, 0),
(649, 11, 0),
(650, 11, 0),
(651, 11, 0),
(652, 11, 0),
(653, 11, 0),
(654, 11, 0),
(655, 11, 0),
(656, 11, 0),
(563, 12, 0),
(564, 12, 0),
(565, 12, 0),
(566, 12, 0),
(567, 12, 0),
(568, 12, 0),
(569, 12, 0),
(570, 12, 0),
(571, 12, 0),
(572, 12, 0),
(573, 12, 0),
(117, 13, 0),
(118, 13, 0),
(119, 13, 0),
(120, 13, 0),
(121, 13, 0),
(122, 13, 0),
(123, 13, 0),
(124, 13, 0),
(125, 13, 0),
(126, 13, 0),
(417, 14, 0),
(418, 14, 0),
(419, 14, 0),
(420, 14, 0),
(421, 14, 0),
(422, 14, 0),
(448, 14, 0),
(449, 14, 0),
(450, 14, 0),
(451, 14, 0),
(452, 14, 0),
(453, 14, 0),
(454, 14, 0),
(455, 14, 0),
(456, 14, 0),
(457, 14, 0),
(458, 14, 0),
(459, 14, 0),
(460, 14, 0),
(461, 14, 0),
(33, 16, 0),
(33, 16, 1),
(34, 16, 0),
(34, 16, 1),
(35, 16, 0),
(35, 16, 1),
(36, 16, 0),
(36, 16, 1),
(14, 17, 0),
(437, 17, 0),
(467, 17, 0),
(468, 17, 0),
(469, 17, 0),
(16, 18, 0),
(16, 18, 1),
(17, 18, 0),
(17, 18, 1),
(18, 18, 0),
(18, 18, 1),
(19, 18, 0),
(19, 18, 1),
(20, 18, 0),
(20, 18, 1),
(21, 18, 0),
(21, 18, 1),
(22, 18, 0),
(22, 18, 1),
(23, 18, 0),
(23, 18, 1),
(24, 18, 0),
(24, 18, 1),
(25, 18, 0),
(25, 18, 1),
(26, 18, 0),
(26, 18, 1),
(27, 18, 0),
(27, 18, 1),
(28, 18, 0),
(28, 18, 1),
(29, 18, 0),
(29, 18, 1),
(30, 18, 0),
(30, 18, 1),
(31, 18, 0),
(31, 18, 1),
(423, 18, 0),
(423, 18, 1),
(424, 18, 0),
(424, 18, 1),
(425, 18, 0),
(425, 18, 1),
(426, 18, 0),
(426, 18, 1),
(427, 18, 0),
(427, 18, 1),
(428, 18, 0),
(428, 18, 1),
(429, 18, 0),
(429, 18, 1),
(430, 18, 0),
(430, 18, 1),
(431, 18, 0),
(431, 18, 1),
(432, 18, 0),
(432, 18, 1),
(433, 18, 0),
(433, 18, 1),
(434, 18, 0),
(434, 18, 1),
(435, 18, 0),
(435, 18, 1),
(436, 18, 0),
(436, 18, 1),
(437, 18, 1),
(438, 18, 0),
(438, 18, 1),
(439, 18, 0),
(439, 18, 1),
(440, 18, 0),
(440, 18, 1),
(441, 18, 0),
(441, 18, 1),
(442, 18, 0),
(442, 18, 1),
(443, 18, 0),
(443, 18, 1),
(444, 18, 0),
(444, 18, 1),
(445, 18, 0),
(445, 18, 1),
(63, 19, 0),
(64, 19, 0),
(65, 19, 0),
(66, 19, 0),
(67, 19, 0),
(68, 19, 0),
(69, 19, 0),
(70, 19, 0),
(71, 19, 0),
(72, 19, 0),
(609, 19, 0),
(680, 19, 0),
(681, 19, 0),
(682, 19, 0),
(199, 20, 0),
(200, 20, 0),
(201, 20, 0),
(202, 20, 0),
(203, 20, 0),
(208, 20, 0),
(93, 21, 0),
(93, 21, 1),
(94, 21, 0),
(94, 21, 1),
(95, 21, 0),
(95, 21, 1),
(96, 21, 0),
(96, 21, 1),
(290, 21, 0),
(291, 21, 0),
(291, 21, 1),
(292, 21, 0),
(292, 21, 1),
(294, 21, 0),
(294, 21, 1),
(295, 21, 0),
(295, 21, 1),
(574, 21, 0),
(574, 21, 1),
(575, 21, 0),
(575, 21, 1),
(576, 21, 0),
(576, 21, 1),
(577, 21, 0),
(577, 21, 1),
(578, 21, 0),
(578, 21, 1),
(579, 21, 0),
(579, 21, 1),
(580, 21, 0),
(580, 21, 1),
(86, 22, 0),
(86, 22, 1),
(87, 22, 0),
(87, 22, 1),
(88, 22, 0),
(88, 22, 1),
(89, 22, 0),
(89, 22, 1),
(90, 22, 0),
(90, 22, 1),
(91, 22, 0),
(91, 22, 1),
(92, 22, 0),
(92, 22, 1),
(261, 22, 0),
(261, 22, 1),
(262, 22, 0),
(262, 22, 1),
(263, 22, 0),
(263, 22, 1),
(264, 22, 0),
(264, 22, 1),
(265, 22, 0),
(265, 22, 1),
(266, 22, 0),
(266, 22, 1),
(267, 22, 0),
(267, 22, 1),
(268, 22, 0),
(268, 22, 1),
(269, 22, 0),
(269, 22, 1),
(270, 22, 0),
(270, 22, 1),
(271, 22, 0),
(271, 22, 1),
(272, 22, 0),
(272, 22, 1),
(273, 22, 0),
(273, 22, 1),
(274, 22, 0),
(274, 22, 1),
(275, 22, 0),
(275, 22, 1),
(276, 22, 0),
(276, 22, 1),
(277, 22, 0),
(277, 22, 1),
(278, 22, 0),
(278, 22, 1),
(279, 22, 0),
(279, 22, 1),
(280, 22, 0),
(280, 22, 1),
(281, 22, 0),
(281, 22, 1),
(282, 22, 0),
(282, 22, 1),
(283, 22, 0),
(283, 22, 1),
(284, 22, 0),
(284, 22, 1),
(285, 22, 0),
(285, 22, 1),
(286, 22, 0),
(286, 22, 1),
(287, 22, 0),
(287, 22, 1),
(288, 22, 0),
(288, 22, 1),
(289, 22, 0),
(289, 22, 1),
(290, 22, 1),
(293, 22, 0),
(293, 22, 1),
(467, 22, 0),
(468, 22, 0),
(469, 22, 0),
(417, 23, 1),
(418, 23, 0),
(418, 23, 1),
(419, 23, 1),
(420, 23, 1),
(421, 23, 1),
(422, 23, 1),
(453, 23, 1),
(458, 23, 1),
(459, 23, 1),
(460, 23, 1),
(461, 23, 1),
(462, 23, 1),
(87, 24, 0),
(87, 24, 1),
(569, 24, 1),
(322, 25, 0),
(323, 25, 0),
(324, 25, 0),
(325, 25, 0),
(326, 25, 0),
(327, 25, 0),
(328, 25, 0),
(329, 25, 0),
(330, 25, 0),
(331, 25, 0),
(332, 25, 0),
(333, 25, 0),
(334, 25, 0),
(335, 25, 0),
(336, 25, 0),
(337, 25, 0),
(338, 25, 0),
(339, 25, 0),
(15, 27, 0),
(249, 27, 0),
(249, 27, 1),
(250, 27, 0),
(250, 27, 1),
(251, 27, 0),
(251, 27, 1),
(252, 27, 0),
(252, 27, 1),
(253, 27, 0),
(253, 27, 1),
(254, 27, 0),
(254, 27, 1),
(255, 27, 0),
(255, 27, 1),
(256, 27, 1),
(257, 27, 0),
(257, 27, 1),
(258, 27, 0),
(258, 27, 1),
(259, 27, 0),
(259, 27, 1),
(289, 27, 0),
(414, 27, 0),
(415, 27, 0),
(172, 28, 0),
(173, 28, 0),
(174, 28, 0),
(175, 28, 0),
(176, 28, 0),
(177, 28, 0),
(178, 28, 0),
(179, 28, 0),
(513, 28, 0),
(514, 28, 0),
(515, 28, 0),
(516, 28, 0),
(517, 28, 0),
(518, 28, 0),
(519, 28, 0),
(520, 28, 0),
(521, 28, 0),
(522, 28, 0),
(523, 28, 0),
(524, 28, 0),
(525, 28, 0),
(526, 28, 0),
(527, 28, 0),
(528, 28, 0),
(529, 28, 0),
(530, 28, 0),
(531, 28, 0),
(532, 28, 0),
(533, 28, 0),
(534, 28, 0),
(535, 28, 0),
(536, 28, 0),
(90, 30, 0),
(91, 30, 0),
(92, 30, 0),
(127, 30, 0),
(127, 30, 1),
(128, 30, 0),
(128, 30, 1),
(129, 30, 0),
(129, 30, 1),
(130, 30, 0),
(130, 30, 1),
(131, 30, 0),
(131, 30, 1),
(132, 30, 0),
(132, 30, 1),
(133, 30, 0),
(133, 30, 1),
(134, 30, 0),
(134, 30, 1),
(135, 30, 0),
(135, 30, 1),
(136, 30, 0),
(136, 30, 1),
(137, 30, 0),
(137, 30, 1),
(138, 30, 0),
(138, 30, 1),
(139, 30, 0),
(139, 30, 1),
(140, 30, 0),
(140, 30, 1),
(141, 30, 1),
(142, 30, 0),
(142, 30, 1),
(143, 30, 0),
(143, 30, 1),
(144, 30, 0),
(144, 30, 1),
(145, 30, 0),
(145, 30, 1),
(146, 30, 0),
(146, 30, 1),
(147, 30, 0),
(147, 30, 1),
(148, 30, 0),
(148, 30, 1),
(149, 30, 0),
(149, 30, 1),
(150, 30, 0),
(150, 30, 1),
(151, 30, 0),
(151, 30, 1),
(152, 30, 0),
(152, 30, 1),
(153, 30, 0),
(153, 30, 1),
(154, 30, 0),
(154, 30, 1),
(155, 30, 0),
(155, 30, 1),
(156, 30, 0),
(156, 30, 1),
(157, 30, 0),
(157, 30, 1),
(158, 30, 0),
(158, 30, 1),
(159, 30, 0),
(159, 30, 1),
(160, 30, 0),
(160, 30, 1),
(161, 30, 0),
(161, 30, 1),
(162, 30, 0),
(162, 30, 1),
(163, 30, 0),
(163, 30, 1),
(164, 30, 0),
(164, 30, 1),
(166, 30, 0),
(166, 30, 1),
(167, 30, 0),
(167, 30, 1),
(168, 30, 0),
(168, 30, 1),
(171, 30, 0),
(171, 30, 1),
(286, 30, 0),
(288, 30, 0),
(293, 30, 0),
(919, 30, 0),
(919, 30, 1),
(186, 32, 0),
(187, 32, 0),
(188, 32, 0),
(189, 32, 0),
(190, 32, 0),
(191, 32, 0),
(192, 32, 0),
(193, 32, 0),
(194, 32, 0),
(195, 32, 0),
(196, 32, 0),
(197, 32, 0),
(198, 32, 0),
(678, 32, 0),
(581, 33, 0),
(581, 33, 1),
(582, 33, 0),
(582, 33, 1),
(583, 33, 0),
(583, 33, 1),
(584, 33, 0),
(584, 33, 1),
(585, 33, 0),
(585, 33, 1),
(586, 33, 0),
(586, 33, 1),
(587, 33, 0),
(587, 33, 1),
(588, 33, 0),
(589, 33, 0),
(590, 33, 0),
(591, 33, 0),
(592, 33, 0),
(73, 34, 1),
(74, 34, 1),
(75, 34, 1),
(76, 34, 1),
(77, 34, 1),
(78, 34, 1),
(79, 34, 1),
(80, 34, 1),
(81, 34, 1),
(82, 34, 1),
(83, 34, 1),
(84, 34, 1),
(85, 34, 1),
(99, 34, 1),
(100, 34, 1),
(101, 34, 1),
(102, 34, 1),
(103, 34, 1),
(104, 34, 1),
(297, 34, 1),
(298, 34, 1),
(299, 34, 1),
(300, 34, 1),
(301, 34, 1),
(302, 34, 1),
(303, 34, 1),
(304, 34, 1),
(305, 34, 1),
(341, 34, 1),
(342, 34, 1),
(679, 34, 1),
(169, 36, 0),
(621, 36, 1),
(261, 37, 1),
(262, 37, 1),
(263, 37, 1),
(264, 37, 1),
(265, 37, 1),
(266, 37, 1),
(267, 37, 1),
(268, 37, 1),
(269, 37, 1),
(270, 37, 1),
(470, 38, 0),
(470, 38, 1),
(105, 40, 0),
(105, 40, 1),
(106, 40, 0),
(106, 40, 1),
(107, 40, 0),
(107, 40, 1),
(108, 40, 0),
(108, 40, 1),
(109, 40, 0),
(109, 40, 1),
(110, 40, 0),
(110, 40, 1),
(111, 40, 0),
(111, 40, 1),
(356, 40, 0),
(356, 40, 1),
(357, 40, 0),
(357, 40, 1),
(358, 40, 0),
(358, 40, 1),
(359, 40, 0),
(359, 40, 1),
(360, 40, 0),
(360, 40, 1),
(361, 40, 0),
(361, 40, 1),
(362, 40, 0),
(362, 40, 1),
(363, 40, 0),
(363, 40, 1),
(364, 40, 0),
(364, 40, 1),
(365, 40, 0),
(365, 40, 1),
(366, 40, 0),
(366, 40, 1),
(367, 40, 0),
(367, 40, 1),
(368, 40, 0),
(368, 40, 1),
(369, 40, 0),
(369, 40, 1),
(370, 40, 0),
(370, 40, 1),
(371, 40, 0),
(371, 40, 1),
(372, 40, 0),
(372, 40, 1),
(373, 40, 0),
(373, 40, 1),
(700, 40, 0),
(700, 40, 1),
(205, 41, 0),
(199, 42, 0),
(200, 42, 0),
(201, 42, 0),
(202, 42, 0),
(203, 42, 0),
(311, 44, 0),
(311, 44, 1),
(312, 44, 0),
(312, 44, 1),
(313, 44, 0),
(313, 44, 1),
(314, 44, 0),
(314, 44, 1),
(315, 44, 0),
(315, 44, 1),
(316, 44, 0),
(316, 44, 1),
(317, 44, 0),
(317, 44, 1),
(318, 44, 0),
(318, 44, 1),
(319, 44, 0),
(319, 44, 1),
(320, 44, 0),
(320, 44, 1),
(321, 44, 0),
(321, 44, 1),
(547, 44, 0),
(547, 44, 1),
(548, 44, 0),
(548, 44, 1),
(612, 44, 0),
(612, 44, 1),
(613, 44, 0),
(613, 44, 1),
(614, 44, 0),
(614, 44, 1),
(306, 45, 0),
(307, 45, 0),
(308, 45, 0),
(180, 46, 0),
(180, 46, 1),
(181, 46, 0),
(181, 46, 1),
(182, 46, 0),
(182, 46, 1),
(183, 46, 0),
(183, 46, 1),
(184, 46, 0),
(184, 46, 1),
(185, 46, 0),
(185, 46, 1),
(926, 46, 1),
(927, 46, 1),
(306, 47, 1),
(307, 47, 1),
(308, 47, 1),
(943, 47, 0),
(943, 47, 1),
(944, 47, 0),
(944, 47, 1),
(230, 48, 0),
(230, 48, 1),
(231, 48, 0),
(231, 48, 1),
(232, 48, 0),
(232, 48, 1),
(233, 48, 0),
(233, 48, 1),
(234, 48, 0),
(234, 48, 1),
(235, 48, 0),
(235, 49, 0),
(235, 49, 1),
(236, 49, 0),
(236, 49, 1),
(237, 49, 0),
(237, 49, 1),
(238, 49, 0),
(238, 49, 1),
(239, 49, 0),
(239, 49, 1),
(240, 49, 0),
(240, 49, 1),
(241, 49, 0),
(241, 49, 1),
(12, 50, 0),
(12, 50, 1),
(13, 50, 0),
(13, 50, 1),
(14, 50, 0),
(14, 50, 1),
(15, 50, 0),
(15, 50, 1),
(343, 50, 0),
(343, 50, 1),
(344, 50, 0),
(344, 50, 1),
(345, 50, 0),
(345, 50, 1),
(346, 50, 0),
(346, 50, 1),
(347, 50, 0),
(347, 50, 1),
(348, 50, 0),
(348, 50, 1),
(349, 50, 0),
(349, 50, 1),
(350, 50, 0),
(350, 50, 1),
(351, 50, 0),
(351, 50, 1),
(352, 50, 0),
(352, 50, 1),
(353, 50, 0),
(353, 50, 1),
(354, 50, 0),
(354, 50, 1),
(355, 50, 0),
(355, 50, 1),
(414, 50, 0),
(414, 50, 1),
(415, 50, 0),
(415, 50, 1),
(416, 50, 0),
(446, 50, 0),
(446, 50, 1),
(447, 50, 0),
(447, 50, 1),
(448, 50, 0),
(448, 50, 1),
(63, 51, 1),
(64, 51, 1),
(65, 51, 1),
(66, 51, 1),
(67, 51, 1),
(68, 51, 1),
(69, 51, 1),
(70, 51, 1),
(71, 51, 1),
(72, 51, 1),
(117, 51, 1),
(118, 51, 1),
(119, 51, 1),
(120, 51, 1),
(121, 51, 1),
(122, 51, 1),
(123, 51, 1),
(124, 51, 1),
(125, 51, 1),
(126, 51, 1),
(680, 51, 1),
(681, 51, 1),
(682, 51, 1),
(1, 52, 0),
(1, 52, 1),
(2, 52, 0),
(2, 52, 1),
(3, 52, 0),
(4, 52, 0),
(4, 52, 1),
(5, 52, 0),
(5, 52, 1),
(6, 52, 0),
(6, 52, 1),
(7, 52, 0),
(7, 52, 1),
(8, 52, 0),
(8, 52, 1),
(9, 52, 0),
(9, 52, 1),
(112, 52, 0),
(112, 52, 1),
(113, 52, 0),
(113, 52, 1),
(114, 52, 0),
(114, 52, 1),
(115, 52, 0),
(115, 52, 1),
(116, 52, 0),
(116, 52, 1),
(287, 52, 0),
(287, 52, 1),
(293, 52, 1),
(412, 53, 1),
(413, 53, 1),
(609, 53, 1),
(634, 53, 1),
(214, 55, 1),
(215, 55, 1),
(216, 55, 1),
(217, 55, 1),
(218, 55, 1),
(242, 55, 0),
(242, 55, 1),
(243, 55, 0),
(243, 55, 1),
(244, 55, 0),
(244, 55, 1),
(245, 55, 0),
(245, 55, 1),
(246, 55, 0),
(246, 55, 1),
(247, 55, 0),
(247, 55, 1),
(248, 55, 0),
(248, 55, 1),
(73, 56, 0),
(74, 56, 0),
(75, 56, 0),
(76, 56, 0),
(77, 56, 0),
(78, 56, 0),
(79, 56, 0),
(80, 56, 0),
(81, 56, 0),
(82, 56, 0),
(83, 56, 0),
(84, 56, 0),
(85, 56, 0),
(99, 56, 0),
(100, 56, 0),
(101, 56, 0),
(102, 56, 0),
(103, 56, 0),
(104, 56, 0),
(297, 56, 0),
(298, 56, 0),
(299, 56, 0),
(300, 56, 0),
(301, 56, 0),
(302, 56, 0),
(303, 56, 0),
(304, 56, 0),
(305, 56, 0),
(341, 56, 0),
(342, 56, 0),
(679, 56, 0),
(513, 57, 1),
(514, 57, 1),
(515, 57, 1),
(516, 57, 1),
(517, 57, 1),
(518, 57, 1),
(519, 57, 1),
(520, 57, 1),
(521, 57, 1),
(522, 57, 1),
(523, 57, 1),
(524, 57, 1),
(525, 57, 1),
(526, 57, 1),
(527, 57, 1),
(528, 57, 1),
(529, 57, 1),
(530, 57, 1),
(531, 57, 1),
(532, 57, 1),
(533, 57, 1),
(534, 57, 1),
(535, 57, 1),
(536, 57, 1),
(537, 57, 0),
(537, 57, 1),
(538, 57, 0),
(538, 57, 1),
(539, 57, 0),
(539, 57, 1),
(540, 57, 0),
(540, 57, 1),
(541, 57, 0),
(541, 57, 1),
(542, 57, 0),
(542, 57, 1),
(543, 57, 0),
(543, 57, 1),
(544, 57, 0),
(544, 57, 1),
(545, 57, 0),
(545, 57, 1),
(546, 57, 0),
(546, 57, 1),
(593, 58, 0),
(595, 58, 0),
(599, 58, 0),
(600, 58, 0),
(309, 59, 0),
(310, 59, 0),
(683, 59, 0),
(10, 60, 1),
(11, 60, 1),
(214, 61, 0),
(215, 61, 0),
(216, 61, 0),
(217, 61, 0),
(218, 61, 0),
(850, 224, 0),
(877, 225, 0),
(878, 225, 0),
(879, 225, 0),
(876, 226, 0),
(204, 227, 0),
(206, 227, 0),
(207, 227, 0),
(209, 227, 0),
(471, 227, 0),
(472, 227, 0),
(473, 227, 0),
(474, 227, 0),
(475, 227, 0),
(476, 227, 0),
(477, 227, 0),
(478, 227, 0),
(479, 227, 0),
(480, 227, 0),
(481, 227, 0),
(482, 227, 0),
(483, 227, 0),
(484, 227, 0),
(485, 227, 0),
(486, 227, 0),
(487, 227, 0),
(488, 227, 0),
(489, 227, 0),
(490, 227, 0),
(491, 227, 0),
(492, 227, 0),
(493, 227, 0),
(494, 227, 0),
(495, 227, 0),
(496, 227, 0),
(497, 227, 0),
(498, 227, 0),
(499, 227, 0),
(500, 227, 0),
(501, 227, 0),
(502, 227, 0),
(503, 227, 0),
(504, 227, 0),
(505, 227, 0),
(506, 227, 0),
(507, 227, 0),
(508, 227, 0),
(509, 227, 0),
(510, 227, 0),
(511, 227, 0),
(512, 227, 0),
(625, 227, 0),
(626, 227, 0),
(627, 227, 0),
(628, 227, 0),
(629, 227, 0),
(630, 227, 0),
(828, 227, 0),
(832, 227, 0),
(876, 228, 0),
(869, 229, 0),
(870, 229, 0),
(871, 229, 0),
(872, 229, 0),
(874, 229, 0),
(886, 230, 0),
(886, 230, 1),
(887, 230, 0),
(887, 230, 1),
(888, 230, 0),
(888, 230, 1),
(889, 230, 0),
(889, 230, 1),
(890, 230, 0),
(890, 230, 1),
(891, 230, 0),
(891, 230, 1),
(892, 230, 0),
(892, 230, 1),
(893, 230, 0),
(893, 230, 1),
(894, 230, 0),
(894, 230, 1),
(895, 230, 0),
(895, 230, 1),
(896, 230, 0),
(896, 230, 1),
(897, 230, 0),
(897, 230, 1),
(898, 230, 0),
(898, 230, 1),
(899, 230, 0),
(899, 230, 1),
(900, 230, 0),
(900, 230, 1),
(901, 230, 0),
(901, 230, 1),
(902, 230, 0),
(902, 230, 1),
(903, 230, 0),
(903, 230, 1),
(904, 230, 0),
(904, 230, 1),
(905, 230, 0),
(905, 230, 1),
(906, 230, 0),
(906, 230, 1),
(907, 230, 0),
(907, 230, 1),
(908, 230, 0),
(908, 230, 1),
(909, 230, 0),
(909, 230, 1),
(910, 230, 0),
(910, 230, 1),
(911, 230, 0),
(911, 230, 1),
(912, 230, 0),
(912, 230, 1),
(913, 230, 0),
(913, 230, 1),
(914, 230, 0),
(914, 230, 1),
(915, 230, 0),
(915, 230, 1),
(916, 230, 0),
(916, 230, 1),
(701, 231, 0),
(701, 231, 1),
(702, 231, 0),
(702, 231, 1),
(703, 231, 0),
(703, 231, 1),
(704, 231, 0),
(704, 231, 1),
(705, 231, 0),
(705, 231, 1),
(706, 231, 0),
(706, 231, 1),
(707, 231, 0),
(707, 231, 1),
(708, 231, 0),
(708, 231, 1),
(709, 231, 0),
(709, 231, 1),
(710, 231, 0),
(710, 231, 1),
(711, 231, 0),
(711, 231, 1),
(712, 231, 0),
(712, 231, 1),
(713, 231, 0),
(713, 231, 1),
(714, 231, 0),
(714, 231, 1),
(715, 231, 0),
(715, 231, 1),
(716, 231, 0),
(716, 231, 1),
(717, 231, 0),
(717, 231, 1),
(718, 231, 0),
(718, 231, 1),
(719, 231, 0),
(719, 231, 1),
(720, 231, 0),
(720, 231, 1),
(721, 231, 0),
(721, 231, 1),
(722, 231, 0),
(722, 231, 1),
(723, 231, 0),
(723, 231, 1),
(724, 231, 0),
(724, 231, 1),
(725, 231, 0),
(725, 231, 1),
(726, 231, 0),
(726, 231, 1),
(727, 231, 0),
(727, 231, 1),
(728, 231, 0),
(728, 231, 1),
(729, 231, 0),
(729, 231, 1),
(730, 231, 0),
(730, 231, 1),
(731, 231, 0),
(731, 231, 1),
(732, 231, 0),
(732, 231, 1),
(733, 231, 0),
(733, 231, 1),
(734, 231, 0),
(734, 231, 1),
(735, 231, 0),
(735, 231, 1),
(736, 231, 0),
(736, 231, 1),
(737, 231, 0),
(737, 231, 1),
(738, 231, 0),
(738, 231, 1),
(739, 231, 0),
(739, 231, 1),
(740, 231, 0),
(740, 231, 1),
(741, 231, 0),
(741, 231, 1),
(742, 231, 0),
(742, 231, 1),
(743, 231, 0),
(743, 231, 1),
(744, 231, 0),
(744, 231, 1),
(745, 231, 0),
(745, 231, 1),
(746, 231, 0),
(746, 231, 1),
(747, 231, 0),
(747, 231, 1),
(748, 231, 0),
(748, 231, 1),
(749, 231, 0),
(749, 231, 1),
(750, 231, 0),
(750, 231, 1),
(751, 231, 0),
(751, 231, 1),
(752, 231, 0),
(752, 231, 1),
(753, 231, 0),
(753, 231, 1),
(754, 231, 0),
(754, 231, 1),
(755, 231, 0),
(755, 231, 1),
(756, 231, 0),
(756, 231, 1),
(757, 231, 0),
(757, 231, 1),
(758, 231, 0),
(758, 231, 1),
(759, 231, 0),
(759, 231, 1),
(760, 231, 0),
(760, 231, 1),
(761, 231, 0),
(761, 231, 1),
(762, 231, 0),
(762, 231, 1),
(763, 231, 0),
(763, 231, 1),
(764, 231, 0),
(764, 231, 1),
(765, 231, 0),
(765, 231, 1),
(766, 231, 0),
(766, 231, 1),
(767, 231, 0),
(767, 231, 1),
(768, 231, 0),
(768, 231, 1),
(769, 231, 0),
(769, 231, 1),
(808, 231, 0),
(808, 231, 1),
(809, 231, 0),
(809, 231, 1),
(810, 231, 0),
(810, 231, 1),
(811, 231, 0),
(811, 231, 1),
(812, 231, 0),
(812, 231, 1),
(813, 231, 0),
(813, 231, 1),
(814, 231, 0),
(814, 231, 1),
(815, 231, 0),
(815, 231, 1),
(816, 231, 0),
(816, 231, 1),
(817, 231, 0),
(817, 231, 1),
(818, 231, 0),
(818, 231, 1),
(819, 231, 0),
(819, 231, 1),
(820, 231, 0),
(820, 231, 1),
(821, 231, 0),
(821, 231, 1),
(822, 231, 0),
(822, 231, 1),
(823, 231, 0),
(823, 231, 1),
(824, 231, 0),
(824, 231, 1),
(825, 231, 0),
(825, 231, 1),
(826, 231, 0),
(826, 231, 1),
(827, 231, 0),
(827, 231, 1),
(833, 232, 0),
(833, 232, 1),
(834, 232, 0),
(834, 232, 1),
(835, 232, 0),
(835, 232, 1),
(836, 232, 0),
(836, 232, 1),
(837, 232, 0),
(837, 232, 1),
(838, 232, 0),
(838, 232, 1),
(839, 232, 0),
(839, 232, 1),
(840, 232, 0),
(840, 232, 1),
(841, 232, 0),
(841, 232, 1),
(842, 232, 0),
(842, 232, 1),
(843, 232, 0),
(843, 232, 1),
(844, 232, 0),
(844, 232, 1),
(851, 233, 0),
(852, 233, 0),
(853, 233, 0),
(854, 233, 0),
(855, 233, 0),
(856, 233, 0),
(857, 233, 0),
(858, 233, 0),
(859, 233, 0),
(875, 235, 0),
(860, 236, 0),
(861, 236, 0),
(862, 236, 0),
(863, 236, 0),
(864, 236, 0),
(865, 236, 0),
(867, 236, 0),
(868, 236, 0),
(846, 237, 0),
(846, 237, 1),
(847, 237, 0),
(847, 237, 1),
(848, 237, 0),
(848, 237, 1),
(849, 237, 0),
(849, 237, 1),
(880, 238, 0),
(880, 238, 1),
(881, 238, 0),
(881, 238, 1),
(882, 238, 0),
(882, 238, 1),
(883, 238, 0),
(883, 238, 1),
(884, 238, 0),
(884, 238, 1),
(885, 238, 0),
(885, 238, 1),
(873, 239, 0),
(869, 240, 0),
(870, 240, 0),
(871, 240, 0),
(872, 240, 0),
(874, 240, 0),
(873, 241, 0),
(829, 243, 0),
(933, 244, 0),
(934, 244, 0),
(935, 244, 0),
(936, 244, 0),
(204, 245, 1),
(205, 245, 1),
(206, 245, 1),
(207, 245, 1),
(208, 245, 1),
(209, 245, 1),
(309, 246, 1),
(310, 246, 1),
(683, 246, 1),
(471, 247, 1),
(472, 247, 1),
(473, 247, 1),
(474, 247, 1),
(475, 247, 1),
(476, 247, 1),
(477, 247, 1),
(478, 247, 1),
(479, 247, 1),
(480, 247, 1),
(481, 247, 1),
(482, 247, 1),
(483, 247, 1),
(484, 247, 1),
(485, 247, 1),
(486, 247, 1),
(487, 247, 1),
(488, 247, 1),
(489, 247, 1),
(490, 247, 1),
(491, 247, 1),
(492, 247, 1),
(493, 247, 1),
(494, 247, 1),
(495, 247, 1),
(496, 247, 1),
(497, 247, 1),
(498, 247, 1),
(499, 247, 1),
(500, 247, 1),
(501, 247, 1),
(502, 247, 1),
(503, 247, 1),
(504, 247, 1),
(505, 247, 1),
(506, 247, 1),
(507, 247, 1),
(508, 247, 1),
(509, 247, 1),
(510, 247, 1),
(511, 247, 1),
(512, 247, 1),
(625, 247, 1),
(626, 247, 1),
(627, 247, 1),
(628, 247, 1),
(629, 247, 1),
(630, 247, 1),
(828, 247, 1),
(829, 247, 1),
(832, 247, 1),
(850, 248, 1),
(851, 249, 1),
(852, 249, 1),
(853, 249, 1),
(854, 249, 1),
(855, 249, 1),
(856, 249, 1),
(857, 249, 1),
(858, 249, 1),
(859, 249, 1),
(860, 271, 1),
(861, 271, 1),
(862, 271, 1),
(863, 271, 1),
(864, 271, 1),
(865, 271, 1),
(867, 271, 1),
(868, 271, 1),
(875, 272, 1),
(869, 274, 1),
(870, 274, 1),
(871, 274, 1),
(872, 274, 1),
(874, 274, 1),
(877, 275, 1),
(878, 275, 1),
(879, 275, 1),
(845, 276, 1),
(873, 279, 1),
(869, 280, 1),
(870, 280, 1),
(871, 280, 1),
(872, 280, 1),
(874, 280, 1),
(875, 281, 1),
(876, 282, 1),
(555, 283, 1),
(556, 283, 1),
(557, 283, 1),
(558, 283, 1),
(559, 283, 1),
(560, 283, 1),
(561, 283, 1),
(562, 283, 1),
(610, 283, 0),
(610, 283, 1),
(611, 283, 0),
(611, 283, 1),
(600, 284, 1),
(602, 284, 1),
(412, 285, 0),
(593, 286, 1),
(595, 286, 1),
(599, 286, 1),
(416, 287, 0),
(416, 287, 1),
(604, 288, 1),
(455, 289, 1),
(456, 289, 1),
(657, 290, 1),
(658, 290, 1),
(953, 290, 1),
(954, 290, 1),
(955, 290, 1),
(956, 290, 1),
(957, 290, 1),
(958, 290, 1),
(959, 290, 1),
(960, 290, 1),
(661, 291, 1),
(662, 291, 1),
(663, 291, 1),
(664, 291, 1),
(665, 291, 1),
(666, 291, 1),
(667, 291, 1),
(10, 292, 0),
(11, 292, 0),
(463, 293, 1),
(464, 293, 1),
(465, 293, 1),
(466, 293, 1),
(457, 294, 1),
(588, 295, 1),
(589, 295, 1),
(590, 295, 1),
(591, 295, 1),
(592, 295, 1),
(551, 296, 1),
(549, 297, 0),
(550, 297, 0),
(551, 297, 0),
(552, 297, 0),
(553, 297, 0),
(554, 297, 0),
(602, 298, 0),
(417, 299, 0),
(569, 300, 1),
(570, 300, 1),
(572, 300, 1),
(573, 300, 1),
(549, 301, 1),
(550, 301, 1),
(552, 301, 1),
(553, 301, 1),
(554, 301, 1),
(171, 303, 1),
(563, 304, 1),
(564, 304, 1),
(565, 304, 1),
(566, 304, 1),
(567, 304, 1),
(568, 304, 1),
(571, 304, 1),
(657, 305, 0),
(658, 305, 0),
(199, 306, 1),
(200, 306, 1),
(201, 306, 1),
(202, 306, 1),
(203, 306, 1),
(462, 307, 0),
(594, 308, 1),
(596, 308, 1),
(597, 308, 1),
(598, 308, 1),
(601, 308, 1),
(37, 309, 1),
(38, 309, 1),
(39, 309, 1),
(40, 309, 1),
(41, 309, 1),
(42, 309, 1),
(43, 309, 1),
(44, 309, 1),
(45, 309, 1),
(46, 309, 1),
(47, 309, 1),
(48, 309, 1),
(49, 309, 1),
(50, 309, 1),
(51, 309, 1),
(52, 309, 1),
(53, 309, 1),
(54, 309, 1),
(55, 309, 1),
(56, 309, 1),
(57, 309, 1),
(58, 309, 1),
(59, 309, 1),
(60, 309, 1),
(61, 309, 1),
(62, 309, 1),
(260, 309, 1),
(928, 309, 1),
(929, 309, 1),
(689, 310, 1),
(690, 310, 1),
(691, 310, 1),
(694, 310, 1),
(695, 310, 1),
(696, 310, 1),
(697, 310, 1),
(698, 310, 1),
(699, 310, 1),
(661, 311, 0),
(662, 311, 0),
(663, 311, 0),
(664, 311, 0),
(665, 311, 0),
(666, 311, 0),
(667, 311, 0),
(467, 312, 0),
(468, 312, 0),
(469, 312, 0),
(605, 312, 0),
(607, 312, 0),
(607, 312, 1),
(608, 312, 0),
(608, 312, 1),
(659, 313, 1),
(660, 313, 1),
(449, 314, 1),
(450, 314, 1),
(451, 314, 1),
(452, 314, 1),
(454, 314, 1),
(572, 315, 0),
(573, 315, 0),
(930, 316, 1),
(931, 316, 1),
(932, 316, 1),
(933, 317, 1),
(934, 317, 1),
(935, 317, 1),
(936, 317, 1),
(448, 318, 1),
(449, 318, 0),
(450, 318, 0),
(451, 318, 0),
(454, 318, 0),
(455, 318, 0),
(456, 318, 0),
(570, 319, 1),
(622, 320, 0),
(210, 321, 1),
(639, 322, 0),
(640, 322, 0),
(641, 322, 0),
(642, 322, 0),
(634, 323, 0),
(635, 323, 0),
(636, 323, 0),
(637, 323, 0),
(638, 323, 0),
(606, 324, 0),
(605, 325, 1),
(606, 325, 1),
(684, 326, 1),
(685, 326, 1),
(686, 326, 1),
(687, 326, 1),
(688, 326, 1),
(692, 326, 1),
(693, 326, 1),
(594, 327, 0),
(596, 327, 0),
(597, 327, 0),
(598, 327, 0),
(601, 327, 0),
(172, 328, 1),
(173, 328, 1),
(174, 328, 1),
(175, 328, 1),
(176, 328, 1),
(177, 328, 1),
(178, 328, 1),
(179, 328, 1),
(639, 329, 1),
(640, 329, 1),
(641, 329, 1),
(642, 329, 1),
(926, 330, 0),
(927, 330, 0),
(937, 330, 0),
(938, 330, 0),
(939, 330, 0),
(940, 330, 0),
(941, 330, 0),
(942, 330, 0),
(875, 331, 0),
(169, 332, 1),
(170, 332, 1),
(186, 332, 1),
(187, 332, 1),
(188, 332, 1),
(189, 332, 1),
(190, 332, 1),
(191, 332, 1),
(192, 332, 1),
(193, 332, 1),
(194, 332, 1),
(195, 332, 1),
(196, 332, 1),
(197, 332, 1),
(198, 332, 1),
(678, 332, 1),
(925, 332, 1),
(631, 333, 0),
(631, 333, 1),
(632, 333, 0),
(632, 333, 1),
(633, 333, 0),
(633, 333, 1),
(634, 333, 0),
(634, 333, 1),
(635, 333, 0),
(635, 333, 1),
(636, 333, 0),
(636, 333, 1),
(637, 333, 0),
(637, 333, 1),
(638, 333, 0),
(638, 333, 1),
(845, 334, 0),
(615, 335, 0),
(615, 335, 1),
(619, 335, 0),
(619, 335, 1),
(639, 336, 0),
(640, 336, 0),
(641, 336, 0),
(642, 336, 0),
(10, 337, 0),
(11, 337, 0),
(322, 338, 1),
(323, 338, 1),
(324, 338, 1),
(325, 338, 1),
(326, 338, 1),
(327, 338, 1),
(328, 338, 1),
(329, 338, 1),
(330, 338, 1),
(331, 338, 1),
(332, 338, 1),
(333, 338, 1),
(334, 338, 1),
(335, 338, 1),
(336, 338, 1),
(337, 338, 1),
(338, 338, 1),
(339, 338, 1),
(340, 338, 0),
(340, 338, 1),
(668, 338, 0),
(668, 338, 1),
(669, 338, 0),
(669, 338, 1),
(659, 339, 0),
(660, 339, 0),
(616, 340, 0),
(616, 340, 1),
(617, 340, 0),
(617, 340, 1),
(618, 340, 0),
(618, 340, 1),
(620, 340, 0),
(620, 340, 1),
(621, 340, 0),
(622, 340, 1),
(623, 340, 0),
(623, 340, 1),
(374, 341, 1),
(375, 341, 1),
(376, 341, 1),
(377, 341, 1),
(378, 341, 1),
(379, 341, 1),
(380, 341, 1),
(381, 341, 1),
(382, 341, 1),
(383, 341, 1),
(384, 341, 1),
(385, 341, 1),
(386, 341, 1),
(387, 341, 1),
(388, 341, 1),
(389, 341, 1),
(390, 341, 1),
(391, 341, 1),
(392, 341, 1),
(393, 341, 1),
(394, 341, 1),
(395, 341, 1),
(396, 341, 1),
(397, 341, 1),
(398, 341, 1),
(399, 341, 1),
(681, 342, 1),
(682, 342, 1),
(671, 343, 1),
(673, 343, 1),
(674, 343, 1),
(675, 343, 1),
(676, 343, 1),
(677, 343, 1),
(612, 344, 1),
(613, 344, 1),
(614, 344, 1),
(97, 345, 1),
(98, 345, 1),
(296, 345, 1),
(612, 346, 0),
(613, 346, 0),
(614, 346, 0),
(643, 347, 1),
(644, 347, 1),
(645, 347, 1),
(646, 347, 1),
(647, 347, 1),
(648, 347, 1),
(649, 347, 1),
(650, 347, 1),
(651, 347, 1),
(652, 347, 1),
(653, 347, 1),
(654, 347, 1),
(655, 347, 1),
(656, 347, 1),
(141, 348, 0),
(253, 349, 0),
(253, 349, 1),
(256, 349, 0),
(256, 349, 1),
(257, 349, 0),
(257, 349, 1),
(258, 349, 0),
(258, 349, 1),
(259, 349, 0),
(259, 349, 1),
(467, 350, 1),
(468, 350, 1),
(469, 350, 1),
(308, 351, 0),
(604, 351, 0),
(937, 356, 1),
(938, 356, 1),
(939, 356, 1),
(940, 356, 1),
(941, 356, 1),
(942, 356, 1),
(945, 359, 0),
(945, 360, 1),
(946, 361, 0),
(946, 361, 1),
(947, 361, 0),
(947, 361, 1),
(948, 361, 0),
(948, 361, 1),
(949, 361, 0),
(949, 361, 1),
(950, 361, 0),
(950, 361, 1),
(951, 361, 0),
(951, 361, 1),
(952, 361, 0),
(952, 361, 1),
(953, 362, 0),
(954, 362, 0),
(955, 362, 0),
(956, 362, 0),
(957, 362, 0),
(958, 362, 0),
(959, 362, 0),
(960, 362, 0);

-- --------------------------------------------------------

--
-- Table structure for table `serie`
--

DROP TABLE IF EXISTS `serie`;
CREATE TABLE `serie` (
  `SerieNum` int(11) NOT NULL,
  `SerieNom` varchar(50) COLLATE utf8_bin NOT NULL,
  `SerieNbTomes` int(3) NOT NULL
) ENGINE=InnoDB DEFAULT CHARSET=utf8 COLLATE=utf8_bin;

--
-- Dumping data for table `serie`
--

INSERT INTO `serie` (`SerieNum`, `SerieNom`, `SerieNbTomes`) VALUES
(1, 'abracadabra', 10),
(2, 'achille talon', 37),
(3, 'agent 212 ', 27),
(4, 'arsène lupin', 6),
(5, 'asterix et obelix', 34),
(6, 'auto école (l\')', 8),
(7, 'barbe-rouge', 36),
(8, 'batman univers', 8),
(9, 'benoit brisefer', 13),
(10, 'bidule', 2),
(11, 'bizu', 7),
(12, 'blake et mortimer', 23),
(13, 'boule et bill', 31),
(14, 'buck danny', 51),
(15, 'captain biceps', 6),
(16, 'cedric', 34),
(17, 'cerise', 2),
(18, 'cheminot', 6),
(19, 'chi- une vie de chat', 12),
(20, 'clifton', 22),
(21, 'concombre masque', 10),
(22, 'cubitus', 39),
(23, 'detective conan', 85),
(24, 'dojo le temple des arts', 2),
(25, 'doraemon, le chat venu du futu', 32),
(26, 'ernest et rebecca', 4),
(27, 'franky snow', 12),
(28, 'gaston lagaffe', 17),
(29, 'ghostbusters - sos fantômes ', 4),
(30, 'grompf mon ami ', 9),
(31, 'grrreeny', 4),
(32, 'isabelle', 12),
(33, 'iznogoud', 30),
(34, 'joe bar team', 8),
(35, 'johan et pirlouit', 17),
(36, 'kidpaddle', 14),
(37, 'krostons (les)', 7),
(38, ' le chat', 21),
(39, 'leonard génie', 41),
(40, 'damnés de la route (les)', 10),
(41, 'informaticiens (les)', 4),
(42, 'pompiers (les)', 16),
(43, 'scientiflics (les)', 2),
(44, 'snorky (les)', 3),
(45, 'zaliens (les)', 2),
(46, 'lou', 10),
(47, 'magic kaito', 4),
(48, 'mauro caldi', 7),
(49, 'melusine', 19),
(50, 'mousquetaires (les)', 8),
(51, 'moustic', 6),
(52, 'nabuchodinosaure', 14),
(53, 'nelson', 16),
(54, 'petit spirou (le)', 19),
(55, 'popeye', 4),
(56, 'profs (les)', 17),
(57, 'rantanplan', 11),
(58, 'sakamoto, pour vous servir ! ', 4),
(59, 'samson et neon', 7),
(60, 'schtroumpfs (les)', 30),
(61, 'scoot leblanc (les aventures de)', 4),
(62, 'scrameustache (le)', 35),
(63, 'snoopy et le petit monde des peanuts', 6),
(64, 'spirou et fantasio ', 53),
(65, 'sylvain et sylvette', 56),
(66, 'rising of the shield hero (the)', 1),
(67, 'sacred blacksmith (the)', 16),
(68, 'xiii', 22),
(69, 'tuniques bleues (les)', 59),
(70, 'uncanny avengers ', 10),
(71, 'yoko tsuno', 26),
(72, 'mind snapper dragon; génie de l\'analyse', 1),
(73, 'marsupilami (le)', 0),
(74, 'rugbymen (les)', 10),
(75, 'lucky luke', 70),
(76, 'marvel', 0),
(77, 'popeye', 0),
(78, 'tintin', 24),
(79, 'baker street', 6),
(80, 'zorglub', 2),
(81, 'loucas', 6),
(82, 'Léo loden', 8),
(83, 'Aventuriers du Mékong (Les)', 1);

-- --------------------------------------------------------

--
-- Table structure for table `type`
--

DROP TABLE IF EXISTS `type`;
CREATE TABLE `type` (
  `typenum` int(11) NOT NULL,
  `typelibelle` varchar(50) NOT NULL
) ENGINE=InnoDB DEFAULT CHARSET=latin1;

--
-- Dumping data for table `type`
--

INSERT INTO `type` (`typenum`, `typelibelle`) VALUES
(0, 'Scénario'),
(1, 'Dessin');

-- --------------------------------------------------------

--
-- Table structure for table `utilisateurs`
--

DROP TABLE IF EXISTS `utilisateurs`;
CREATE TABLE `utilisateurs` (
  `util_id` int(3) NOT NULL,
  `util_prenom` varchar(20) COLLATE utf8_bin NOT NULL,
  `util_nom` varchar(20) COLLATE utf8_bin NOT NULL,
  `util_pseudo` varchar(30) COLLATE utf8_bin NOT NULL,
  `util_password` varchar(256) COLLATE utf8_bin NOT NULL,
  `util_niveau` varchar(15) COLLATE utf8_bin NOT NULL DEFAULT 'user'
) ENGINE=InnoDB DEFAULT CHARSET=utf8 COLLATE=utf8_bin;

--
-- Dumping data for table `utilisateurs`
--

INSERT INTO `utilisateurs` (`util_id`, `util_prenom`, `util_nom`, `util_pseudo`, `util_password`, `util_niveau`) VALUES
(1, 'Admin', 'Admin', 'Admin', '21232f297a57a5a743894a0e4a801fc3', 'admin'),
(6, 'Test', 'Test', 'testtest', '05a671c66aefea124cc08b76ea6d30bb', 'invit'),
(13, 'User', 'User', 'useruser', '5cc32e366c87c4cb49e4309b75f57d64', 'user');

--
-- Indexes for dumped tables
--

--
-- Indexes for table `auteur`
--
ALTER TABLE `auteur`
  ADD PRIMARY KEY (`AuteurId`);

--
-- Indexes for table `bd`
--
ALTER TABLE `bd`
  ADD PRIMARY KEY (`BdId`),
  ADD KEY `NumSerie` (`NumSerie`),
  ADD KEY `NumEditeur` (`NumEditeur`);

--
-- Indexes for table `editeur`
--
ALTER TABLE `editeur`
  ADD PRIMARY KEY (`EditeurNum`);

--
-- Indexes for table `emprunteur`
--
ALTER TABLE `emprunteur`
  ADD PRIMARY KEY (`emp_num`);

--
-- Indexes for table `famille_emprunteur`
--
ALTER TABLE `famille_emprunteur`
  ADD PRIMARY KEY (`fam_emp_resp`,`fam_emp_dep`),
  ADD KEY `fam_emp_resp` (`fam_emp_resp`),
  ADD KEY `fam_emp_dep` (`fam_emp_dep`);

--
-- Indexes for table `participer`
--
ALTER TABLE `participer`
  ADD PRIMARY KEY (`numBd`,`numParticipant`,`type`),
  ADD KEY `numParticipant` (`numParticipant`),
  ADD KEY `numBd` (`numBd`),
  ADD KEY `type` (`type`);

--
-- Indexes for table `serie`
--
ALTER TABLE `serie`
  ADD PRIMARY KEY (`SerieNum`);

--
-- Indexes for table `type`
--
ALTER TABLE `type`
  ADD PRIMARY KEY (`typenum`);

--
-- Indexes for table `utilisateurs`
--
ALTER TABLE `utilisateurs`
  ADD PRIMARY KEY (`util_id`),
  ADD UNIQUE KEY `Pseudo` (`util_pseudo`);

--
-- AUTO_INCREMENT for dumped tables
--

--
-- AUTO_INCREMENT for table `auteur`
--
ALTER TABLE `auteur`
  MODIFY `AuteurId` int(11) NOT NULL AUTO_INCREMENT, AUTO_INCREMENT=364;

--
-- AUTO_INCREMENT for table `bd`
--
ALTER TABLE `bd`
  MODIFY `BdId` int(10) NOT NULL AUTO_INCREMENT, AUTO_INCREMENT=961;

--
-- AUTO_INCREMENT for table `editeur`
--
ALTER TABLE `editeur`
  MODIFY `EditeurNum` int(11) NOT NULL AUTO_INCREMENT, AUTO_INCREMENT=28;

--
-- AUTO_INCREMENT for table `emprunteur`
--
ALTER TABLE `emprunteur`
  MODIFY `emp_num` int(11) NOT NULL AUTO_INCREMENT, AUTO_INCREMENT=254;

--
-- AUTO_INCREMENT for table `serie`
--
ALTER TABLE `serie`
  MODIFY `SerieNum` int(11) NOT NULL AUTO_INCREMENT, AUTO_INCREMENT=84;

--
-- AUTO_INCREMENT for table `utilisateurs`
--
ALTER TABLE `utilisateurs`
  MODIFY `util_id` int(3) NOT NULL AUTO_INCREMENT, AUTO_INCREMENT=15;

--
-- Constraints for dumped tables
--

--
-- Constraints for table `bd`
--
ALTER TABLE `bd`
  ADD CONSTRAINT `bd_ibfk_1` FOREIGN KEY (`NumSerie`) REFERENCES `serie` (`SerieNum`) ON DELETE CASCADE ON UPDATE CASCADE,
  ADD CONSTRAINT `bd_ibfk_2` FOREIGN KEY (`NumEditeur`) REFERENCES `editeur` (`EditeurNum`) ON DELETE CASCADE ON UPDATE CASCADE;

--
-- Constraints for table `famille_emprunteur`
--
ALTER TABLE `famille_emprunteur`
  ADD CONSTRAINT `famille_emprunteur_ibfk_1` FOREIGN KEY (`fam_emp_resp`) REFERENCES `emprunteur` (`emp_num`),
  ADD CONSTRAINT `famille_emprunteur_ibfk_2` FOREIGN KEY (`fam_emp_dep`) REFERENCES `emprunteur` (`emp_num`);

--
-- Constraints for table `participer`
--
ALTER TABLE `participer`
  ADD CONSTRAINT `participer_ibfk_1` FOREIGN KEY (`numBd`) REFERENCES `bd` (`BdId`) ON DELETE CASCADE ON UPDATE CASCADE,
  ADD CONSTRAINT `participer_ibfk_2` FOREIGN KEY (`numParticipant`) REFERENCES `auteur` (`AuteurId`) ON DELETE CASCADE ON UPDATE CASCADE,
  ADD CONSTRAINT `participer_ibfk_3` FOREIGN KEY (`type`) REFERENCES `type` (`typenum`) ON DELETE CASCADE ON UPDATE CASCADE;

/*!40101 SET CHARACTER_SET_CLIENT=@OLD_CHARACTER_SET_CLIENT */;
/*!40101 SET CHARACTER_SET_RESULTS=@OLD_CHARACTER_SET_RESULTS */;
/*!40101 SET COLLATION_CONNECTION=@OLD_COLLATION_CONNECTION */;
